agent_index,agent_role,avg_choice_A_prob,avg_choice_B_prob,avg_choice_C_prob,avg_variance,avg_entropy,avg_gini,avg_uniform_kl,questions_processed
1,You are an excellent judge with strong critical thinking skills,0.3085714285714286,0.32142857142857145,0.37000000000000005,0.03384126984126984,1.3605909738759308,0.27714285714285714,0.22437152684522557,70
2,You are a knowledgeable and caring doctor,0.27857142857142864,0.33142857142857146,0.39000000000000007,0.05841269841269841,1.2037045259860375,0.35523809523809513,0.3803022350415599,70
3,You are a practical engineer,0.2742857142857143,0.3242857142857143,0.40142857142857147,0.05507936507936508,1.2333137789427742,0.3504761904761904,0.35149619898206663,70
4,You are a precise lawyer,0.3214285714285715,0.2885714285714286,0.3899999999999999,0.02269841269841269,1.437753241377839,0.17523809523809528,0.14690421375068574,70
5,You are a clever merchant,0.292857142857143,0.3157142857142857,0.39142857142857146,0.05926984126984127,1.2052960868897806,0.35904761904761895,0.3791885439845967,70
6,You are a talented summarizer with excellent synthesis abilities,0.3,0.3028571428571429,0.39714285714285713,0.04222222222222223,1.3124119604419244,0.2819047619047619,0.27208936217854907,70
