agent_index,agent_role,avg_choice_A_prob,avg_choice_B_prob,avg_choice_C_prob,avg_variance,avg_entropy,avg_gini,avg_uniform_kl,questions_processed
1,You are an excellent judge with strong critical thinking skills,0.34,0.33999999999999997,0.30571428571428577,0.00742857142857143,1.5323327538910305,0.10095238095238097,0.05247949837096365,70
2,You are a knowledgeable and caring doctor,0.3514285714285714,0.34571428571428564,0.29000000000000004,0.014317460317460316,1.4830084426589076,0.14095238095238097,0.10149912278601976,70
3,You are a practical engineer,0.3457142857142857,0.3499999999999999,0.29142857142857154,0.013365079365079366,1.4932120184661473,0.14285714285714285,0.09160023379584693,70
4,You are a precise lawyer,0.3414285714285714,0.3357142857142857,0.3014285714285714,0.009079365079365081,1.5218452557958277,0.10666666666666667,0.06296699646616656,70
5,You are a clever merchant,0.34857142857142853,0.35,0.2885714285714286,0.013936507936507936,1.4899398841012141,0.1457142857142857,0.09487236816078023,70
6,You are a talented summarizer with excellent synthesis abilities,0.34714285714285714,0.35857142857142854,0.2828571428571429,0.021587301587301582,1.4390587094104215,0.18095238095238092,0.14544885603450544,70
