agent_index,agent_role,avg_choice_A_prob,avg_choice_B_prob,avg_choice_C_prob,avg_variance,avg_entropy,avg_gini,avg_uniform_kl,questions_processed
1,You are an excellent judge with strong critical thinking skills,0.2942857142857144,0.3499999999999999,0.3557142857142857,0.036793650793650795,1.3426713307130729,0.28857142857142853,0.242291170008084,70
2,You are a knowledgeable and caring doctor,0.27714285714285725,0.36,0.3628571428571428,0.070984126984127,1.1307580249556157,0.3923809523809523,0.45322843461415047,70
3,You are a practical engineer,0.2828571428571429,0.35714285714285704,0.36,0.06546031746031747,1.1644572562841367,0.3799999999999999,0.4196984178280416,70
4,You are a precise lawyer,0.3157142857142857,0.31714285714285717,0.3671428571428571,0.014126984126984127,1.4942392594297684,0.13523809523809527,0.0907232412913882,70
5,You are a clever merchant,0.29714285714285715,0.3528571428571429,0.35000000000000003,0.05755555555555555,1.214362891513266,0.35714285714285704,0.37012401369826464,70
6,You are a talented summarizer with excellent synthesis abilities,0.29714285714285726,0.3357142857142857,0.36714285714285716,0.043841269841269834,1.301056957611571,0.29142857142857137,0.28342406355107114,70
