agent_index,agent_role,avg_choice_A_prob,avg_choice_B_prob,avg_choice_C_prob,avg_variance,avg_entropy,avg_gini,avg_uniform_kl,questions_processed
1,You are an excellent judge with strong critical thinking skills,0.3557142857142857,0.32285714285714284,0.30571428571428577,0.008444444444444445,1.523583406114137,0.10476190476190476,0.06108029183884138,70
2,You are a knowledgeable and caring doctor,0.37,0.32285714285714284,0.29285714285714287,0.017523809523809518,1.4592353688412343,0.1533333333333333,0.1251255578562657,70
3,You are a practical engineer,0.3771428571428571,0.3171428571428571,0.2914285714285715,0.01933333333333333,1.451858221096393,0.16380952380952382,0.1326529540602693,70
4,You are a precise lawyer,0.3628571428571429,0.32857142857142857,0.28857142857142853,0.01463492063492063,1.4798832768773043,0.13428571428571426,0.10462789827935828,70
5,You are a clever merchant,0.38142857142857134,0.3271428571428572,0.27999999999999997,0.019396825396825395,1.4514487974998969,0.17333333333333334,0.13321490045308146,70
6,You are a talented summarizer with excellent synthesis abilities,0.3942857142857142,0.3114285714285714,0.2771428571428572,0.024888888888888884,1.416410584232863,0.18666666666666668,0.1679467327529016,70
