agent_index,agent_role,avg_choice_A_prob,avg_choice_B_prob,avg_choice_C_prob,avg_variance,avg_entropy,avg_gini,avg_uniform_kl,questions_processed
1,You are an excellent judge with strong critical thinking skills,0.30000000000000004,0.2971428571428572,0.3628571428571427,0.002666666666666668,1.5654819999262453,0.04761904761904765,0.01933025233574901,70
2,You are a knowledgeable and caring doctor,0.30571428571428577,0.2971428571428572,0.36285714285714277,0.0068888888888888914,1.5358843381963696,0.061904761904761914,0.048604261165307514,70
3,You are a practical engineer,0.30000000000000004,0.29571428571428576,0.3799999999999999,0.009015873015873019,1.5232073484631647,0.08095238095238097,0.06127955674836595,70
4,You are a precise lawyer,0.3042857142857143,0.3,0.3571428571428571,0.007936507936507938,1.528318539863971,0.06285714285714288,0.056012232839508624,70
5,You are a clever merchant,0.31142857142857144,0.31857142857142856,0.357142857142857,0.01088888888888889,1.512075938514056,0.10380952380952382,0.07258018123988691,70
6,You are a talented summarizer with excellent synthesis abilities,0.3042857142857143,0.32000000000000006,0.3614285714285713,0.006952380952380955,1.5386995633303162,0.08380952380952383,0.04611396850489382,70
