agent_index,agent_role,avg_choice_A_prob,avg_choice_B_prob,avg_choice_C_prob,avg_variance,avg_entropy,avg_gini,avg_uniform_kl,questions_processed
1,You are an excellent judge with strong critical thinking skills,0.3128571428571429,0.2942857142857144,0.36571428571428566,0.009523809523809525,1.519672135067688,0.08285714285714288,0.0648147701438427,70
2,You are a knowledgeable and caring doctor,0.3157142857142857,0.29571428571428576,0.36285714285714277,0.01546031746031746,1.4756370106773449,0.10380952380952384,0.10821356204083567,70
3,You are a practical engineer,0.3114285714285715,0.2857142857142858,0.37285714285714283,0.013174603174603177,1.4923868868584655,0.1,0.0917949727604336,70
4,You are a precise lawyer,0.3114285714285715,0.28714285714285714,0.36000000000000004,0.011396825396825397,1.5057190722285707,0.08000000000000002,0.07861298004812448,70
5,You are a clever merchant,0.31285714285714294,0.3085714285714286,0.3671428571428571,0.01682539682539682,1.467282747231099,0.13142857142857142,0.11690138672495343,70
6,You are a talented summarizer with excellent synthesis abilities,0.3157142857142857,0.2957142857142857,0.37714285714285706,0.014825396825396818,1.4837292028982212,0.12571428571428572,0.10060517951699356,70
