agent_index,agent_role,avg_choice_A_prob,avg_choice_B_prob,avg_choice_C_prob,avg_variance,avg_entropy,avg_gini,avg_uniform_kl,questions_processed
1,You are an excellent judge with strong critical thinking skills,0.33757142857142863,0.35328571428571426,0.30914285714285705,0.009238412698412699,1.5246072776037445,0.11914285714285716,0.06019909060936105,70
2,You are a knowledgeable and caring doctor,0.31714285714285717,0.3371428571428572,0.3357142857142857,0.015619047619047612,1.485852418049448,0.14476190476190476,0.09911008267170891,70
3,You are a practical engineer,0.3328571428571429,0.34142857142857147,0.32,0.01647619047619047,1.4813495722999044,0.15333333333333335,0.10361292842125226,70
4,You are a precise lawyer,0.32142857142857145,0.3428571428571429,0.3299999999999999,0.013269841269841272,1.5014452114002175,0.13584415584415585,0.0835172893209394,70
5,You are a clever merchant,0.32571428571428573,0.35428571428571437,0.3142857142857142,0.016380952380952375,1.481101144598109,0.15619047619047619,0.10386135612304773,70
6,You are a talented summarizer with excellent synthesis abilities,0.2728571428571429,0.34142857142857147,0.3742857142857143,0.03644444444444445,1.359862572059133,0.21957671957671956,0.22509992866202347,70
