agent_index,agent_role,avg_choice_A_prob,avg_choice_B_prob,avg_choice_C_prob,avg_variance,avg_entropy,avg_gini,avg_uniform_kl,questions_processed
1,You are an excellent judge with strong critical thinking skills,0.3342857142857143,0.3357142857142857,0.3299999999999999,0.013746031746031747,1.4966178106064356,0.1523809523809524,0.08834469011472118,70
2,You are a knowledgeable and caring doctor,0.33,0.3185714285714286,0.3485714285714285,0.026539682539682533,1.4127431253077016,0.2,0.17191468859638814,70
3,You are a practical engineer,0.32571428571428573,0.3328571428571429,0.3385714285714285,0.026825396825396818,1.412554238892753,0.20095238095238094,0.17208291477794027,70
4,You are a precise lawyer,0.31857142857142856,0.3342857142857143,0.34428571428571425,0.021396825396825386,1.4463322022902902,0.1819047619047619,0.13848174412185074,70
5,You are a clever merchant,0.3142857142857143,0.32142857142857145,0.3628571428571429,0.02799999999999999,1.406985125945174,0.2219047619047619,0.17797737477598263,70
6,You are a talented summarizer with excellent synthesis abilities,0.2757142857142858,0.32,0.40285714285714286,0.04314285714285715,1.3132073821245185,0.2571428571428571,0.27160656428762237,70
