agent_index,agent_role,avg_choice_A_prob,avg_choice_B_prob,avg_choice_C_prob,avg_variance,avg_entropy,avg_gini,avg_uniform_kl,questions_processed
1,You are an excellent judge with strong critical thinking skills,0.3485714285714286,0.29857142857142865,0.3114285714285715,0.007206349206349207,1.531186961885075,0.08,0.05347673606790345,70
2,You are a knowledgeable and caring doctor,0.36428571428571427,0.29142857142857154,0.3185714285714285,0.01050793650793651,1.5132956099245425,0.10793650793650793,0.07151833648759859,70
3,You are a practical engineer,0.35571428571428576,0.2971428571428572,0.3185714285714285,0.01034920634920635,1.5119730831128808,0.10825396825396826,0.07283916914911362,70
4,You are a precise lawyer,0.35,0.3014285714285715,0.30142857142857143,0.00707936507936508,1.5337991288031645,0.07746031746031747,0.051014817608976366,70
5,You are a clever merchant,0.3685714285714286,0.3042857142857143,0.30857142857142844,0.014190476190476189,1.488183558678968,0.13365079365079363,0.0966303877331728,70
6,You are a talented summarizer with excellent synthesis abilities,0.36142857142857143,0.3000000000000001,0.3314285714285713,0.01273015873015873,1.502291657840637,0.1361904761904762,0.08267084288051975,70
