agent_index,agent_role,avg_choice_A_prob,avg_choice_B_prob,avg_choice_C_prob,avg_variance,avg_entropy,avg_gini,avg_uniform_kl,questions_processed
1,You are an excellent judge with strong critical thinking skills,0.34142857142857147,0.3385714285714285,0.29428571428571426,0.003365079365079366,1.5624865719733414,0.06666666666666668,0.022475928747814913,70
2,You are a knowledgeable and caring doctor,0.33857142857142863,0.32999999999999996,0.3128571428571429,0.004571428571428573,1.5552317266043856,0.07809523809523812,0.029730774116771323,70
3,You are a practical engineer,0.3485714285714286,0.33428571428571424,0.3028571428571428,0.005714285714285715,1.5476589527340556,0.08761904761904764,0.037303547987101136,70
4,You are a precise lawyer,0.33142857142857146,0.3271428571428571,0.3257142857142857,0.004539682539682541,1.5559097971427194,0.07904761904761906,0.029052703578437422,70
5,You are a clever merchant,0.3471428571428572,0.3357142857142857,0.30999999999999994,0.007111111111111112,1.5394663841832685,0.104973544973545,0.045496116537888376,70
6,You are a talented summarizer with excellent synthesis abilities,0.32428571428571434,0.33428571428571424,0.3357142857142857,0.015238095238095231,1.4902279459127141,0.1495238095238095,0.09473455480844278,70
