agent_index,agent_role,avg_choice_A_prob,avg_choice_B_prob,avg_choice_C_prob,avg_variance,avg_entropy,avg_gini,avg_uniform_kl,questions_processed
1,You are an excellent judge with strong critical thinking skills,0.3285714285714286,0.29571428571428576,0.3171428571428571,0.0054920634920634925,1.5494310284112334,0.05238095238095239,0.035531472309923484,70
2,You are a knowledgeable and caring doctor,0.33285714285714285,0.2942857142857143,0.33428571428571424,0.005650793650793652,1.5486199287339553,0.06857142857142859,0.03634257198720158,70
3,You are a practical engineer,0.33857142857142863,0.2914285714285715,0.33285714285714285,0.007111111111111112,1.539207785764853,0.0761904761904762,0.04575471495630374,70
4,You are a precise lawyer,0.33142857142857146,0.2942857142857144,0.31142857142857144,0.005587301587301587,1.5486080209335833,0.054285714285714305,0.03635447978757349,70
5,You are a clever merchant,0.3485714285714286,0.2942857142857143,0.33999999999999997,0.009936507936507938,1.5192955296348474,0.10666666666666669,0.06551444828999352,70
6,You are a talented summarizer with excellent synthesis abilities,0.34714285714285714,0.2928571428571429,0.3499999999999999,0.010666666666666666,1.515378555317211,0.1193650793650794,0.06958394540394557,70
