agent_index,agent_role,avg_choice_A_prob,avg_choice_B_prob,avg_choice_C_prob,avg_variance,avg_entropy,avg_gini,avg_uniform_kl,questions_processed
1,You are an excellent judge with strong critical thinking skills,0.35285714285714287,0.3328571428571428,0.2985714285714285,0.004730158730158731,1.552464047198351,0.08285714285714287,0.03249845352280541,70
2,You are a knowledgeable and caring doctor,0.3628571428571428,0.33285714285714285,0.2971428571428571,0.01034920634920635,1.513324103597083,0.1259259259259259,0.07148984281505767,70
3,You are a practical engineer,0.3642857142857142,0.34571428571428564,0.28571428571428564,0.012031746031746034,1.5022564035924715,0.13904761904761906,0.08255754281966911,70
4,You are a precise lawyer,0.35857142857142854,0.3328571428571428,0.3014285714285713,0.01015873015873016,1.518475658494593,0.12857142857142856,0.06648684222656351,70
5,You are a clever merchant,0.3642857142857142,0.3428571428571428,0.29,0.013301587301587304,1.4953771397090942,0.1495238095238095,0.08943680670304628,70
6,You are a talented summarizer with excellent synthesis abilities,0.3557142857142857,0.32142857142857134,0.3157142857142858,0.020730158730158727,1.454305876326073,0.18730158730158725,0.13065662439508352,70
