agent_index,agent_role,avg_choice_A_prob,avg_choice_B_prob,avg_choice_C_prob,avg_variance,avg_entropy,avg_gini,avg_uniform_kl,questions_processed
1,You are an excellent judge with strong critical thinking skills,0.3185714285714286,0.32428571428571423,0.35714285714285704,0.009174603174603177,1.5229238189842216,0.09809523809523811,0.06171333468647145,70
2,You are a knowledgeable and caring doctor,0.3371428571428572,0.33142857142857146,0.33142857142857135,0.013460317460317464,1.4891458555866846,0.12190476190476193,0.09503367389369473,70
3,You are a practical engineer,0.33142857142857146,0.33142857142857146,0.3371428571428571,0.014698412698412693,1.4822343930464177,0.12857142857142856,0.10192844468786515,70
4,You are a precise lawyer,0.33,0.3328571428571428,0.33714285714285713,0.014317460317460316,1.4817536728337202,0.12095238095238098,0.10227241305269208,70
5,You are a clever merchant,0.3471428571428572,0.33,0.3228571428571428,0.017460317460317454,1.458763736556602,0.13904761904761903,0.1250948289375445,70
6,You are a talented summarizer with excellent synthesis abilities,0.3442857142857143,0.3414285714285714,0.3142857142857143,0.017650793650793643,1.461583977200941,0.14666666666666664,0.12259596685636928,70
