agent_index,agent_role,avg_choice_A_prob,avg_choice_B_prob,avg_choice_C_prob,avg_variance,avg_entropy,avg_gini,avg_uniform_kl,questions_processed
1,You are an excellent judge with strong critical thinking skills,0.33142857142857146,0.3185714285714285,0.3499999999999999,0.012603174603174606,1.493270295576152,0.12000000000000004,0.09093280446314995,70
2,You are a knowledgeable and caring doctor,0.3542857142857143,0.3114285714285714,0.33428571428571424,0.016412698412698403,1.4691419356400295,0.1380952380952381,0.1150447574624545,70
3,You are a practical engineer,0.35714285714285715,0.3128571428571428,0.32999999999999996,0.018698412698412697,1.4524013024682445,0.14952380952380956,0.13147545575665656,70
4,You are a precise lawyer,0.3514285714285714,0.3142857142857142,0.33428571428571424,0.019079365079365074,1.4481373293482613,0.14761904761904765,0.13574467693715542,70
5,You are a clever merchant,0.3642857142857142,0.31999999999999995,0.3157142857142857,0.019841269841269833,1.444161977561544,0.16,0.1398748816587081,70
6,You are a talented summarizer with excellent synthesis abilities,0.36571428571428566,0.32285714285714284,0.31142857142857144,0.022793650793650793,1.4255894152544133,0.1638095238095238,0.15809427305987464,70
