agent_index,agent_role,avg_choice_A_prob,avg_choice_B_prob,avg_choice_C_prob,avg_variance,avg_entropy,avg_gini,avg_uniform_kl,questions_processed
1,You are an excellent judge with strong critical thinking skills,0.3042857142857143,0.3142857142857143,0.37142857142857133,0.0022857142857142876,1.5704303879842516,0.06285714285714289,0.014532112736905226,70
2,You are a knowledgeable and caring doctor,0.30714285714285716,0.3171428571428571,0.34428571428571425,0.003047619047619049,1.5652265966865186,0.060952380952380966,0.019735904034637798,70
3,You are a practical engineer,0.3057142857142857,0.31857142857142856,0.3428571428571428,0.004063492063492065,1.5579556846933338,0.06793650793650795,0.027006816027822962,70
4,You are a precise lawyer,0.31900000000000006,0.31614285714285717,0.32628571428571435,0.002762222222222223,1.5668535578705727,0.05247619047619051,0.018108942850584082,70
5,You are a clever merchant,0.32,0.32,0.34714285714285703,0.005174603174603176,1.5508027583577264,0.0850793650793651,0.03415974236343013,70
6,You are a talented summarizer with excellent synthesis abilities,0.3085714285714286,0.31,0.3642857142857142,0.005555555555555557,1.5492364246439958,0.08920634920634926,0.035726076077160725,70
