agent_index,agent_role,avg_choice_A_prob,avg_choice_B_prob,avg_choice_C_prob,avg_variance,avg_entropy,avg_gini,avg_uniform_kl,questions_processed
1,You are an excellent judge with strong critical thinking skills,0.3028571428571429,0.30428571428571427,0.3799999999999999,0.0021269841269841295,1.571531049585684,0.06000000000000004,0.013431451135472639,70
2,You are a knowledgeable and caring doctor,0.30857142857142866,0.31142857142857144,0.3357142857142857,0.0025714285714285726,1.5687141002515899,0.0485714285714286,0.016248400469566743,70
3,You are a practical engineer,0.3142857142857143,0.31571428571428567,0.3242857142857143,0.0031111111111111127,1.5653568060615783,0.051428571428571455,0.019605694659578444,70
4,You are a precise lawyer,0.32142857142857145,0.30857142857142866,0.3242857142857143,0.003873015873015873,1.5598220875173967,0.056190476190476214,0.025140413203760186,70
5,You are a clever merchant,0.3157142857142857,0.3157142857142857,0.33428571428571424,0.0048888888888888905,1.5526710418155867,0.0707936507936508,0.03229145890557029,70
6,You are a talented summarizer with excellent synthesis abilities,0.2942857142857143,0.3057142857142857,0.3771428571428571,0.007238095238095239,1.537551119497391,0.0993650793650794,0.04741138122376556,70
