agent_index,avg_choice_A_prob,avg_choice_B_prob,avg_choice_C_prob,avg_variance,avg_entropy,avg_gini,avg_uniform_kl,questions_processed
1,0.3071428571428572,0.32857142857142857,0.36428571428571427,0.03193650793650793,1.3706287739970466,0.26190476190476186,0.214184757838163,70
2,0.2885714285714286,0.3371428571428572,0.3742857142857143,0.05603174603174603,1.223362314956594,0.34571428571428564,0.36112459025493665,70
3,0.2757142857142858,0.3342857142857143,0.39,0.0672698412698413,1.156256077114384,0.3761904761904761,0.4279054810466833,70
4,0.28,0.3328571428571429,0.3871428571428572,0.06860317460317462,1.1449763580611723,0.37809523809523804,0.4388778801701095,70
