agent_index,avg_choice_A_prob,avg_choice_B_prob,avg_choice_C_prob,avg_variance,avg_entropy,avg_gini,avg_uniform_kl,questions_processed
1,0.31714285714285717,0.32285714285714295,0.36,0.03212698412698412,1.37209930132078,0.2571428571428571,0.21253785234991296,70
2,0.3042857142857144,0.30857142857142855,0.3871428571428572,0.05707936507936508,1.2178507071412366,0.35714285714285704,0.3667864465294565,70
3,0.3042857142857143,0.2971428571428572,0.3985714285714286,0.0628888888888889,1.1856744120121576,0.3723809523809523,0.3989627416585355,70
4,0.2971428571428572,0.3028571428571428,0.4000000000000001,0.06717460317460318,1.1542621353663616,0.38190476190476186,0.4297446256612363,70
