agent_index,avg_choice_A_prob,avg_choice_B_prob,avg_choice_C_prob,avg_variance,avg_entropy,avg_gini,avg_uniform_kl,questions_processed
1,0.35857142857142865,0.32857142857142846,0.30714285714285716,0.013047619047619047,1.4997462515561961,0.13904761904761906,0.08521624916496075,70
2,0.3642857142857143,0.34428571428571425,0.28714285714285714,0.021079365079365073,1.4455735158909104,0.19047619047619044,0.13923285232219498,70
3,0.3600000000000001,0.3342857142857143,0.2957142857142857,0.02323809523809523,1.4300526049894249,0.19925925925925925,0.15460840404946927,70
4,0.3628571428571429,0.3385714285714286,0.29,0.0266031746031746,1.4103734249795805,0.2106878306878307,0.17428042043720915,70
