agent_index,avg_choice_A_prob,avg_choice_B_prob,avg_choice_C_prob,avg_variance,avg_entropy,avg_gini,avg_uniform_kl,questions_processed
1,0.3328571428571429,0.34571428571428564,0.31,0.007777777777777778,1.5341261373595452,0.10761904761904764,0.05083636336161166,70
2,0.3400000000000001,0.3499999999999999,0.3,0.013523809523809523,1.4962225576626829,0.14666666666666664,0.08873994305847396,70
3,0.3457142857142857,0.34857142857142853,0.29285714285714287,0.017650793650793646,1.4698203298727386,0.16095238095238093,0.11498603834036687,70
4,0.3400000000000001,0.3471428571428571,0.3028571428571428,0.018095238095238095,1.4674388154823923,0.1638095238095238,0.11736755273071342,70
