agent_index,avg_choice_A_prob,avg_choice_B_prob,avg_choice_C_prob,avg_variance,avg_entropy,avg_gini,avg_uniform_kl,questions_processed
1,0.33428571428571424,0.31571428571428567,0.3385714285714286,0.024920634920634916,1.408733531480183,0.15333333333333335,0.17466501628729428,70
2,0.3185714285714286,0.30571428571428577,0.34857142857142853,0.018952380952380946,1.4568420228860248,0.12476190476190478,0.12734930905549974,70
3,0.32571428571428573,0.3028571428571429,0.3428571428571428,0.018825396825396818,1.456829643539293,0.12285714285714285,0.1273629679754471,70
4,0.32857142857142857,0.3,0.34142857142857147,0.019460317460317456,1.4512656223376155,0.12190476190476193,0.13275777463471247,70
