agent_index,avg_choice_A_prob,avg_choice_B_prob,avg_choice_C_prob,avg_variance,avg_entropy,avg_gini,avg_uniform_kl,questions_processed
1,0.3085714285714286,0.30857142857142855,0.3599999999999999,0.006666666666666668,1.5353247218121628,0.0742857142857143,0.04918703353150661,70
2,0.31285714285714283,0.30714285714285716,0.35285714285714276,0.007619047619047621,1.5283862285964165,0.08000000000000002,0.056127220897399535,70
3,0.31000000000000005,0.3128571428571429,0.35428571428571426,0.009904761904761906,1.5131447896485857,0.09333333333333335,0.07136993941844598,70
4,0.3085714285714286,0.30857142857142855,0.3614285714285713,0.00946031746031746,1.5199958510572373,0.08952380952380955,0.06466743231881018,70
