agent_index,avg_choice_A_prob,avg_choice_B_prob,avg_choice_C_prob,avg_variance,avg_entropy,avg_gini,avg_uniform_kl,questions_processed
1,0.35571428571428576,0.34857142857142853,0.29428571428571426,0.01161904761904762,1.5107585879528338,0.1419047619047619,0.07420391276832303,70
2,0.33000000000000007,0.34142857142857147,0.3242857142857143,0.019841269841269833,1.4583722511969088,0.17619047619047623,0.12659024952424797,70
3,0.32142857142857145,0.34571428571428575,0.3285714285714285,0.021460317460317454,1.4460514163397231,0.18190476190476193,0.13875495187338233,70
4,0.3185714285714286,0.34285714285714286,0.33428571428571424,0.02612698412698412,1.4203128390761444,0.20095238095238094,0.16464966164501255,70
