agent_index,avg_choice_A_prob,avg_choice_B_prob,avg_choice_C_prob,avg_variance,avg_entropy,avg_gini,avg_uniform_kl,questions_processed
1,0.3314285714285714,0.3614285714285714,0.30714285714285716,0.008698412698412698,1.5283447153137157,0.1161904761904762,0.05646165289938982,70
2,0.3314285714285714,0.33,0.3257142857142857,0.008412698412698413,1.5306072232574552,0.1123809523809524,0.0543552774637015,70
3,0.32571428571428573,0.3485714285714286,0.31428571428571417,0.010825396825396825,1.5109647096330243,0.12666666666666668,0.0738492367791166,70
4,0.32142857142857145,0.34,0.3257142857142857,0.014126984126984127,1.4895885896543166,0.14095238095238097,0.09522535675782427,70
