agent_index,avg_choice_A_prob,avg_choice_B_prob,avg_choice_C_prob,avg_variance,avg_entropy,avg_gini,avg_uniform_kl,questions_processed
1,0.34428571428571425,0.3557142857142856,0.28857142857142853,0.00396825396825397,1.5582133339391955,0.07830687830687832,0.02674916678196099,70
2,0.33999999999999997,0.35857142857142854,0.28857142857142853,0.006126984126984128,1.5442623952301102,0.09830687830687833,0.040700105491046405,70
3,0.3414285714285714,0.3642857142857142,0.2828571428571428,0.007682539682539684,1.5349700423168744,0.1087830687830688,0.049992458404282326,70
4,0.3485714285714286,0.37,0.27285714285714285,0.009746031746031747,1.5213862974181893,0.12878306878306878,0.06357620330296758,70
