agent_index,avg_choice_A_prob,avg_choice_B_prob,avg_choice_C_prob,avg_variance,avg_entropy,avg_gini,avg_uniform_kl,questions_processed
1,0.3571428571428571,0.34571428571428564,0.2928571428571429,0.005555555555555558,1.5469271329076622,0.0942857142857143,0.03803536781349462,70
2,0.37571428571428567,0.34857142857142853,0.27142857142857135,0.01146031746031746,1.5091956849280888,0.139047619047619,0.0757668157930678,70
3,0.36714285714285716,0.3542857142857143,0.27285714285714285,0.013047619047619044,1.4994277035480568,0.15047619047619049,0.08553479717310006,70
4,0.37142857142857144,0.35571428571428576,0.26857142857142846,0.015365079365079363,1.4844740340702038,0.1641269841269841,0.100488466650953,70
