agent_index,avg_choice_A_prob,avg_choice_B_prob,avg_choice_C_prob,avg_variance,avg_entropy,avg_gini,avg_uniform_kl,questions_processed
1,0.3285714285714286,0.3071428571428572,0.3114285714285714,0.0044761904761904765,1.5558648308406897,0.05333333333333336,0.02909766988046708,70
2,0.33285714285714285,0.3014285714285715,0.33285714285714285,0.007873015873015874,1.5318745920062558,0.08476190476190477,0.05293766025573865,70
3,0.3328571428571429,0.31142857142857144,0.32285714285714284,0.007968253968253968,1.5305802721799313,0.08984126984126986,0.05438222854122565,70
4,0.3357142857142857,0.3014285714285715,0.3271428571428571,0.009047619047619049,1.5259767554317931,0.09365079365079368,0.058985745289363435,70
