agent_index,avg_choice_A_prob,avg_choice_B_prob,avg_choice_C_prob,avg_variance,avg_entropy,avg_gini,avg_uniform_kl,questions_processed
1,0.3585714285714286,0.30857142857142855,0.29000000000000004,0.008793650793650794,1.5263960425841343,0.08190476190476192,0.05841032562897122,70
2,0.3542857142857143,0.3128571428571429,0.2942857142857143,0.009650793650793651,1.5209772021306434,0.09746031746031747,0.06398529859051336,70
3,0.3628571428571429,0.3028571428571428,0.30428571428571427,0.011269841269841272,1.5120706143032108,0.10888888888888891,0.07289188641794592,70
4,0.3542857142857143,0.3085714285714286,0.3071428571428571,0.012031746031746034,1.5051581278156825,0.10698412698412699,0.07965185010915836,70
