agent_index,avg_choice_A_prob,avg_choice_B_prob,avg_choice_C_prob,avg_variance,avg_entropy,avg_gini,avg_uniform_kl,questions_processed
1,0.32942857142857146,0.33514285714285713,0.3354285714285714,0.008254603174603177,1.5290673186937522,0.0982857142857143,0.055744933568241874,70
2,0.34571428571428575,0.33285714285714274,0.3214285714285714,0.014317460317460319,1.4873811507582888,0.1304761904761905,0.0971057544532421,70
3,0.3514285714285714,0.32999999999999996,0.31857142857142856,0.017650793650793643,1.462234393046418,0.13904761904761906,0.12177592189154923,70
4,0.35428571428571437,0.33428571428571424,0.3114285714285714,0.01917460317460317,1.4496676337862322,0.14761904761904762,0.1341888787822032,70
