agent_index,avg_choice_A_prob,avg_choice_B_prob,avg_choice_C_prob,avg_variance,avg_entropy,avg_gini,avg_uniform_kl,questions_processed
1,0.3504285714285714,0.3347142857142857,0.3148571428571428,0.014571746031746028,1.4806721794334976,0.13342857142857142,0.10368932745100937,70
2,0.3814285714285714,0.3185714285714285,0.29999999999999993,0.020698412698412695,1.4442347580398909,0.16285714285714284,0.1401202846087203,70
3,0.39285714285714285,0.32428571428571423,0.2828571428571428,0.025079365079365076,1.4067467938681963,0.18285714285714286,0.1769872940965775,70
4,0.38285714285714284,0.3285714285714285,0.28857142857142853,0.02584126984126984,1.4021935708869584,0.1838095238095238,0.18138699951756185,70
