agent_index,avg_choice_A_prob,avg_choice_B_prob,avg_choice_C_prob,avg_variance,avg_entropy,avg_gini,avg_uniform_kl,questions_processed
1,0.3128571428571429,0.34857142857142853,0.33857142857142847,0.002412698412698415,1.5697295187799927,0.0685714285714286,0.01523298194116387,70
2,0.31,0.33142857142857146,0.34571428571428564,0.004793650793650794,1.554195621908614,0.08095238095238098,0.030766878812542777,70
3,0.3071428571428572,0.33714285714285713,0.3442857142857142,0.005301587301587303,1.5509118170315,0.0888888888888889,0.03405068368965658,70
4,0.31714285714285717,0.3314285714285714,0.3328571428571428,0.006476190476190477,1.5426279927303088,0.09555555555555559,0.04233450799084776,70
