agent_index,avg_choice_A_prob,avg_choice_B_prob,avg_choice_C_prob,avg_variance,avg_entropy,avg_gini,avg_uniform_kl,questions_processed
1,0.3157142857142857,0.34285714285714286,0.3399999999999999,0.002571428571428574,1.5687086131948376,0.06952380952380956,0.016253887526318827,70
2,0.3128571428571429,0.3385714285714285,0.33285714285714274,0.0033015873015873032,1.5639046142942792,0.07047619047619051,0.02105788642687746,70
3,0.32,0.33999999999999997,0.3285714285714285,0.004634920634920636,1.5548384381987825,0.08000000000000002,0.030124062522374116,70
4,0.32142857142857145,0.33428571428571424,0.33285714285714274,0.005111111111111111,1.5522536218921301,0.08476190476190477,0.03270887882902634,70
