agent_index,agent_role,avg_choice_A_prob,avg_choice_B_prob,avg_choice_C_prob,avg_variance,avg_entropy,avg_gini,avg_uniform_kl,questions_processed
1,You are an excellent judge with strong critical thinking skills,0.3542857142857143,0.3257142857142856,0.30571428571428577,0.009523809523809525,1.515490172551783,0.11354497354497355,0.06917352540119531,70
2,You are a knowledgeable and caring doctor,0.37142857142857144,0.31857142857142856,0.2971428571428571,0.019460317460317456,1.4478659505095233,0.16571428571428568,0.13649136647624135,70
3,You are a practical engineer,0.3685714285714286,0.3228571428571429,0.2928571428571429,0.01777777777777777,1.4591642363275266,0.1542857142857143,0.12519308065823812,70
4,You are a talented summarizer with excellent synthesis abilities,0.39142857142857146,0.30857142857142855,0.2871428571428571,0.029841269841269835,1.3815395413949858,0.21259259259259256,0.20250912028641174,70
5,You are a precise lawyer,0.3771428571428571,0.32,0.2871428571428571,0.02082539682539682,1.441048495384398,0.17333333333333334,0.14346395934548023,70
6,You are a clever merchant,0.39142857142857146,0.31571428571428567,0.28428571428571425,0.0225079365079365,1.4293562971434146,0.1857142857142857,0.1550022994155659,70
7,You are a talented summarizer with excellent synthesis abilities,0.39,0.3142857142857142,0.29000000000000004,0.02952380952380952,1.3869710986338035,0.21619047619047616,0.19738394401480774,70
