agent_index,agent_role,avg_choice_A_prob,avg_choice_B_prob,avg_choice_C_prob,avg_variance,avg_entropy,avg_gini,avg_uniform_kl,questions_processed
1,You are an excellent judge with strong critical thinking skills,0.2942857142857144,0.35,0.35571428571428576,0.03431746031746032,1.3513000330999432,0.28285714285714275,0.2333609759389507,70
2,You are a knowledgeable and caring doctor,0.2685714285714286,0.35857142857142854,0.3728571428571429,0.068984126984127,1.139804693803854,0.3923809523809523,0.4440292429695962,70
3,You are a practical engineer,0.27142857142857146,0.3514285714285714,0.3771428571428571,0.06584126984126984,1.165883277329146,0.38761904761904753,0.4186013535452311,70
4,You are a talented summarizer with excellent synthesis abilities,0.2642857142857144,0.36142857142857143,0.37428571428571433,0.07469841269841271,1.1069717954112375,0.40761904761904755,0.4768752233965734,70
5,You are a precise lawyer,0.29000000000000004,0.3242857142857143,0.38571428571428573,0.05803174603174603,1.2128488818580705,0.3485714285714285,0.37148322621999075,70
6,You are a clever merchant,0.26714285714285724,0.3585714285714286,0.3742857142857143,0.07126984126984127,1.1355060859424713,0.3971428571428571,0.4489749352201704,70
7,You are a talented summarizer with excellent synthesis abilities,0.2728571428571429,0.3514285714285714,0.3757142857142858,0.0707936507936508,1.1313579829316993,0.3961904761904761,0.45268443592524465,70
