agent_index,agent_role,avg_choice_A_prob,avg_choice_B_prob,avg_choice_C_prob,avg_variance,avg_entropy,avg_gini,avg_uniform_kl,questions_processed
1,You are an excellent judge with strong critical thinking skills,0.31714285714285706,0.31428571428571433,0.3685714285714286,0.03260317460317461,1.3691324757724868,0.2590476190476189,0.2155046778982067,70
2,You are a knowledgeable and caring doctor,0.2985714285714286,0.29285714285714287,0.4085714285714286,0.060698412698412696,1.1956728066216737,0.3638095238095237,0.38881182425270355,70
3,You are a practical engineer,0.2942857142857144,0.3,0.4057142857142858,0.06241269841269841,1.1850375518232699,0.3666666666666666,0.39927425479695977,70
4,You are a talented summarizer with excellent synthesis abilities,0.3071428571428572,0.2928571428571428,0.4000000000000001,0.0646031746031746,1.166991931186485,0.37523809523809515,0.41701482984111277,70
5,You are a precise lawyer,0.3100000000000001,0.27857142857142864,0.4114285714285714,0.06174603174603177,1.1764001587195432,0.35619047619047617,0.4069974500853624,70
6,You are a clever merchant,0.3028571428571429,0.2814285714285715,0.4157142857142857,0.07155555555555558,1.1144418594096726,0.3971428571428571,0.46879506821287464,70
7,You are a talented summarizer with excellent synthesis abilities,0.29142857142857154,0.28142857142857136,0.4271428571428571,0.0691746031746032,1.1300185338490165,0.38476190476190475,0.45322066811068457,70
