agent_index,agent_role,avg_choice_A_prob,avg_choice_B_prob,avg_choice_C_prob,avg_variance,avg_entropy,avg_gini,avg_uniform_kl,questions_processed
1,You are an excellent judge with strong critical thinking skills,0.3371428571428572,0.3399999999999999,0.30714285714285716,0.007206349206349207,1.53732446729887,0.09523809523809527,0.04763803342228667,70
2,You are a knowledgeable and caring doctor,0.3657142857142857,0.3357142857142857,0.2857142857142857,0.016793650793650788,1.4761050395888329,0.15428571428571425,0.10870493833600801,70
3,You are a practical engineer,0.36142857142857143,0.34428571428571425,0.2785714285714286,0.016730158730158727,1.474229792224518,0.1552380952380952,0.11042405319227167,70
4,You are a talented summarizer with excellent synthesis abilities,0.35714285714285715,0.35571428571428576,0.2757142857142858,0.021587301587301582,1.4454161996048627,0.18476190476190474,0.13939016860824277,70
5,You are a precise lawyer,0.3585714285714286,0.35285714285714287,0.26999999999999996,0.018380952380952376,1.4635926536340842,0.16380952380952377,0.12121732429075663,70
6,You are a clever merchant,0.35714285714285715,0.35285714285714287,0.2771428571428572,0.02107936507936508,1.4456761468086217,0.17904761904761898,0.1389776986081679,70
7,You are a talented summarizer with excellent synthesis abilities,0.3657142857142857,0.35571428571428576,0.2685714285714286,0.027999999999999997,1.3989770696021142,0.2076190476190476,0.18552822150565934,70
