agent_index,agent_role,avg_choice_A_prob,avg_choice_B_prob,avg_choice_C_prob,avg_variance,avg_entropy,avg_gini,avg_uniform_kl,questions_processed
1,You are an excellent judge with strong critical thinking skills,0.3114285714285715,0.29571428571428576,0.36428571428571416,0.008825396825396827,1.5243286129840146,0.07714285714285715,0.0601582922275161,70
2,You are a knowledgeable and caring doctor,0.3071428571428572,0.2885714285714286,0.3528571428571428,0.013460317460317462,1.4901261870568343,0.08952380952380953,0.09268184619652968,70
3,You are a practical engineer,0.31000000000000005,0.2942857142857144,0.35428571428571426,0.014063492063492064,1.485594485489628,0.1,0.09716189120427987,70
4,You are a talented summarizer with excellent synthesis abilities,0.30571428571428577,0.29000000000000004,0.37142857142857133,0.015682539682539676,1.4740176904123938,0.11428571428571431,0.10840408895228403,70
5,You are a precise lawyer,0.3042857142857143,0.2928571428571429,0.3685714285714285,0.022317460317460316,1.4278157328697108,0.11904761904761905,0.15538286617432703,70
6,You are a clever merchant,0.3085714285714286,0.2885714285714286,0.38857142857142846,0.02295238095238095,1.4232907124716199,0.14095238095238097,0.16008298516371883,70
7,You are a talented summarizer with excellent synthesis abilities,0.30000000000000004,0.2914285714285715,0.39285714285714274,0.0193015873015873,1.4534819089321283,0.1323809523809524,0.13052351672088772,70
