agent_index,agent_role,avg_choice_A_prob,avg_choice_B_prob,avg_choice_C_prob,avg_variance,avg_entropy,avg_gini,avg_uniform_kl,questions_processed
1,You are an excellent judge with strong critical thinking skills,0.30000000000000004,0.29571428571428576,0.3628571428571427,0.0026349206349206363,1.5656821700157664,0.046666666666666703,0.019130082246227764,70
2,You are a knowledgeable and caring doctor,0.30000000000000004,0.2957142857142857,0.37428571428571417,0.009269841269841272,1.5195376936830738,0.07619047619047621,0.06479668873214099,70
3,You are a practical engineer,0.3028571428571429,0.30000000000000004,0.36571428571428566,0.00580952380952381,1.5452167251491944,0.06857142857142859,0.03959680668601564,70
4,You are a talented summarizer with excellent synthesis abilities,0.29857142857142865,0.30857142857142855,0.3757142857142856,0.007841269841269843,1.5319621000488592,0.0885714285714286,0.05285143178635081,70
5,You are a precise lawyer,0.29857142857142865,0.29571428571428576,0.3514285714285714,0.00796825396825397,1.528653493081458,0.07174603174603178,0.05520310156258326,70
6,You are a clever merchant,0.3028571428571429,0.31000000000000005,0.3671428571428571,0.008920634920634923,1.5226167177134056,0.09079365079365083,0.06204109619068402,70
7,You are a talented summarizer with excellent synthesis abilities,0.29571428571428576,0.3042857142857143,0.3857142857142856,0.011333333333333334,1.507784702362071,0.10603174603174606,0.07687630667682303,70
