agent_index,agent_role,avg_choice_A_prob,avg_choice_B_prob,avg_choice_C_prob,avg_variance,avg_entropy,avg_gini,avg_uniform_kl,questions_processed
1,You are an excellent judge with strong critical thinking skills,0.34571428571428575,0.34142857142857147,0.3128571428571428,0.009079365079365081,1.5256302374138726,0.11809523809523813,0.05917613079923286,70
2,You are a knowledgeable and caring doctor,0.34142857142857147,0.32428571428571434,0.32285714285714284,0.013206349206349204,1.4973905785394455,0.13735449735449737,0.08742336787269532,70
3,You are a practical engineer,0.32857142857142857,0.3285714285714286,0.32857142857142857,0.016952380952380948,1.4769710430676224,0.14687830687830694,0.107835325145483,70
4,You are a talented summarizer with excellent synthesis abilities,0.31142857142857144,0.3042857142857143,0.37142857142857144,0.03850793650793651,1.339468752513684,0.22476190476190477,0.24484305410654583,70
5,You are a precise lawyer,0.3185714285714286,0.3428571428571429,0.3299999999999999,0.019936507936507933,1.45941352387409,0.1657142857142857,0.1255489768470665,70
6,You are a clever merchant,0.32571428571428573,0.32571428571428573,0.3385714285714285,0.02447619047619047,1.4285504442933081,0.19142857142857142,0.15626180796868622,70
7,You are a talented summarizer with excellent synthesis abilities,0.2828571428571429,0.29571428571428576,0.4085714285714286,0.04498412698412698,1.3058353261255786,0.2628571428571428,0.2791271745955782,70
