agent_index,agent_role,avg_choice_A_prob,avg_choice_B_prob,avg_choice_C_prob,avg_variance,avg_entropy,avg_gini,avg_uniform_kl,questions_processed
1,You are an excellent judge with strong critical thinking skills,0.33142857142857146,0.33285714285714285,0.33571428571428563,0.010793650793650795,1.5155495072537744,0.14,0.06941299346738224,70
2,You are a knowledgeable and caring doctor,0.31142857142857144,0.3185714285714286,0.35999999999999993,0.02552380952380952,1.4247204176358936,0.19047619047619047,0.16024208308526297,70
3,You are a practical engineer,0.3257142857142857,0.3157142857142858,0.34714285714285714,0.023396825396825395,1.4310077992638885,0.19238095238095235,0.1538061471482524,70
4,You are a talented summarizer with excellent synthesis abilities,0.2714285714285714,0.32142857142857145,0.3957142857142857,0.0493015873015873,1.2708358988633786,0.27238095238095233,0.3133273534478353,70
5,You are a precise lawyer,0.3042857142857143,0.3328571428571428,0.3557142857142857,0.02949206349206349,1.399037313860522,0.21619047619047618,0.18592518686063456,70
6,You are a clever merchant,0.3071428571428572,0.33,0.35428571428571426,0.03288888888888887,1.3792885439319866,0.23068783068783064,0.20567395678916997,70
7,You are a talented summarizer with excellent synthesis abilities,0.25142857142857145,0.31285714285714294,0.4242857142857143,0.05273015873015873,1.2555534019286976,0.2847619047619047,0.3290837517419955,70
