agent_index,agent_role,avg_choice_A_prob,avg_choice_B_prob,avg_choice_C_prob,avg_variance,avg_entropy,avg_gini,avg_uniform_kl,questions_processed
1,You are an excellent judge with strong critical thinking skills,0.3528571428571428,0.34285714285714286,0.2928571428571428,0.004539682539682541,1.5545411126168263,0.08476190476190476,0.03042138810433026,70
2,You are a knowledgeable and caring doctor,0.36142857142857143,0.33285714285714285,0.2985714285714285,0.00996825396825397,1.5197666186482224,0.12666666666666668,0.06519588207293422,70
3,You are a practical engineer,0.3661428571428571,0.3432857142857143,0.2862857142857142,0.01104793650793651,1.5125092428888998,0.13723809523809521,0.07245325783225687,70
4,You are a talented summarizer with excellent synthesis abilities,0.3557142857142857,0.32285714285714284,0.3142857142857143,0.021777777777777774,1.4473475986970221,0.19164021164021164,0.1376149020241345,70
5,You are a precise lawyer,0.35614285714285715,0.3390000000000001,0.29771428571428565,0.012317777777777775,1.504185618001889,0.13914285714285715,0.08077688271926733,70
6,You are a clever merchant,0.3642857142857143,0.3371428571428572,0.29285714285714287,0.014476190476190474,1.489890610523158,0.15841269841269842,0.09507189019799855,70
7,You are a talented summarizer with excellent synthesis abilities,0.33428571428571424,0.3328571428571429,0.32857142857142857,0.0226031746031746,1.443767883533433,0.19735449735449734,0.1411946171877237,70
