agent_index,agent_role,avg_choice_A_prob,avg_choice_B_prob,avg_choice_C_prob,avg_variance,avg_entropy,avg_gini,avg_uniform_kl,questions_processed
1,You are an excellent judge with strong critical thinking skills,0.3328571428571429,0.2942857142857143,0.3114285714285715,0.0054285714285714284,1.5488995427768546,0.04857142857142859,0.03590682543625101,70
2,You are a knowledgeable and caring doctor,0.33614285714285713,0.28900000000000003,0.33057142857142857,0.007682857142857144,1.5357150199125154,0.07438095238095238,0.04924748080864132,70
3,You are a practical engineer,0.3328571428571429,0.2942857142857144,0.3314285714285714,0.006920634920634922,1.540107653259387,0.07619047619047621,0.044854847461769785,70
4,You are a talented summarizer with excellent synthesis abilities,0.3400000000000001,0.2857142857142858,0.3585714285714285,0.010158730158730159,1.5202746053637903,0.10952380952380954,0.0646878953573664,70
5,You are a precise lawyer,0.3400000000000001,0.29857142857142865,0.3228571428571429,0.007650793650793651,1.5363153886595449,0.07904761904761907,0.04864711206161183,70
6,You are a clever merchant,0.35,0.28857142857142865,0.34714285714285703,0.010952380952380955,1.5146782259133411,0.11142857142857143,0.07028427480781556,70
7,You are a talented summarizer with excellent synthesis abilities,0.34142857142857147,0.28571428571428575,0.36571428571428566,0.01273015873015873,1.505474164651968,0.12571428571428572,0.07948833606918865,70
