agent_index,agent_role,avg_choice_A_prob,avg_choice_B_prob,avg_choice_C_prob,avg_variance,avg_entropy,avg_gini,avg_uniform_kl,questions_processed
1,You are an excellent judge with strong critical thinking skills,0.33285714285714285,0.3071428571428572,0.31142857142857144,0.005142857142857144,1.5488925752204035,0.06317460317460317,0.036069925500753254,70
2,You are a knowledgeable and caring doctor,0.3404285714285714,0.30471428571428577,0.32485714285714284,0.008571746031746033,1.528967533483332,0.0908888888888889,0.055994967237824884,70
3,You are a practical engineer,0.35428571428571437,0.3014285714285715,0.3228571428571429,0.011746031746031746,1.508365625676999,0.11142857142857143,0.07644074253610625,70
4,You are a talented summarizer with excellent synthesis abilities,0.3442857142857143,0.2971428571428572,0.3485714285714285,0.014095238095238096,1.4947252434723406,0.1384126984126984,0.09023725724881615,70
5,You are a precise lawyer,0.3471428571428571,0.2914285714285715,0.3357142857142857,0.014126984126984127,1.487685283156649,0.12095238095238095,0.09680290162809749,70
6,You are a clever merchant,0.35571428571428576,0.2942857142857144,0.3414285714285713,0.014031746031746032,1.4938247519604293,0.1393650793650794,0.09113774876072751,70
7,You are a talented summarizer with excellent synthesis abilities,0.33857142857142863,0.2928571428571429,0.36428571428571416,0.015650793650793644,1.4820020322814866,0.15174603174603174,0.1028043359316186,70
