agent_index,agent_role,avg_choice_A_prob,avg_choice_B_prob,avg_choice_C_prob,avg_variance,avg_entropy,avg_gini,avg_uniform_kl,questions_processed
1,You are an excellent judge with strong critical thinking skills,0.3357142857142857,0.3328571428571428,0.3028571428571428,0.0025396825396825405,1.568130349191297,0.05714285714285717,0.016832151529859635,70
2,You are a knowledgeable and caring doctor,0.34,0.3371428571428572,0.31142857142857144,0.004825396825396826,1.5535175513702801,0.08761904761904764,0.03144494935087666,70
3,You are a practical engineer,0.34142857142857147,0.34,0.3071428571428572,0.005682539682539683,1.548397824333889,0.09428571428571432,0.036564676387267944,70
4,You are a talented summarizer with excellent synthesis abilities,0.3371428571428572,0.34142857142857147,0.3157142857142857,0.015047619047619042,1.490783535836937,0.15947089947089946,0.09417896488421988,70
5,You are a precise lawyer,0.3442857142857143,0.3385714285714286,0.3057142857142857,0.006253968253968255,1.5446418379294737,0.09809523809523812,0.0403206627916832,70
6,You are a clever merchant,0.3485714285714286,0.3385714285714286,0.3085714285714286,0.008984126984126985,1.5275635376922776,0.12285714285714287,0.0573989630288792,70
7,You are a talented summarizer with excellent synthesis abilities,0.33285714285714285,0.33000000000000007,0.3314285714285714,0.021333333333333333,1.452571351394157,0.1889947089947089,0.1323911493269996,70
