agent_index,agent_role,avg_choice_A_prob,avg_choice_B_prob,avg_choice_C_prob,avg_variance,avg_entropy,avg_gini,avg_uniform_kl,questions_processed
1,You are an excellent judge with strong critical thinking skills,0.3342857142857143,0.31999999999999995,0.34571428571428564,0.013936507936507938,1.4829669086150858,0.12857142857142856,0.10106697688180401,70
2,You are a knowledgeable and caring doctor,0.36142857142857143,0.3185714285714285,0.32,0.018888888888888886,1.4467008082379387,0.15714285714285714,0.137031005389682,70
3,You are a practical engineer,0.35714285714285715,0.31999999999999995,0.32285714285714284,0.01784126984126984,1.4547145803442767,0.15619047619047619,0.12934654882110724,70
4,You are a talented summarizer with excellent synthesis abilities,0.36428571428571427,0.3171428571428571,0.31857142857142856,0.023269841269841267,1.4252403882789206,0.17904761904761907,0.15878894854366252,70
5,You are a precise lawyer,0.37142857142857144,0.33285714285714285,0.2957142857142857,0.02346031746031746,1.4140781918101704,0.17904761904761907,0.1696615587920501,70
6,You are a clever merchant,0.37857142857142856,0.33142857142857135,0.29,0.026698412698412697,1.3924291212635949,0.1952380952380952,0.1911568269690942,70
7,You are a talented summarizer with excellent synthesis abilities,0.3714285714285715,0.33142857142857146,0.2971428571428571,0.024507936507936503,1.4101156075601717,0.18571428571428572,0.17361662064437977,70
