agent_index,agent_role,avg_choice_A_prob,avg_choice_B_prob,avg_choice_C_prob,avg_variance,avg_entropy,avg_gini,avg_uniform_kl,questions_processed
1,You are an excellent judge with strong critical thinking skills,0.3257142857142858,0.3357142857142857,0.3385714285714285,0.006698412698412701,1.5420439303917275,0.0904761904761905,0.042918570329429036,70
2,You are a knowledgeable and caring doctor,0.3328571428571429,0.3271428571428571,0.33999999999999997,0.014793650793650791,1.4819989687087312,0.12000000000000004,0.10198749086103483,70
3,You are a practical engineer,0.3371428571428572,0.33142857142857135,0.33142857142857135,0.014603174603174595,1.4839572680186017,0.12476190476190478,0.10019840609357664,70
4,You are a talented summarizer with excellent synthesis abilities,0.33857142857142863,0.3371428571428572,0.32428571428571423,0.017746031746031742,1.4642856875640657,0.14095238095238097,0.11986998654811276,70
5,You are a precise lawyer,0.3428571428571429,0.32571428571428573,0.33142857142857135,0.020984126984126977,1.4405385487497133,0.1419047619047619,0.14312256376958923,70
6,You are a clever merchant,0.3485714285714286,0.33428571428571424,0.31714285714285706,0.017746031746031742,1.4632938488090157,0.14761904761904762,0.12086182530316257,70
7,You are a talented summarizer with excellent synthesis abilities,0.3428571428571429,0.33857142857142863,0.3185714285714285,0.01812698412698412,1.4608516974596633,0.15142857142857144,0.123303976652515,70
