agent_index,agent_role,avg_choice_A_prob,avg_choice_B_prob,avg_choice_C_prob,avg_variance,avg_entropy,avg_gini,avg_uniform_kl,questions_processed
1,You are an excellent judge with strong critical thinking skills,0.30142857142857143,0.30000000000000004,0.38571428571428557,0.0021269841269841295,1.571531049585684,0.06000000000000004,0.013431451135472639,70
2,You are a knowledgeable and caring doctor,0.2942857142857143,0.3028571428571429,0.36428571428571416,0.00288888888888889,1.5667752320618908,0.051428571428571476,0.018187268659265853,70
3,You are a practical engineer,0.29285714285714287,0.3042857142857143,0.3671428571428571,0.003333333333333334,1.563932740533496,0.05714285714285718,0.02102976018766076,70
4,You are a talented summarizer with excellent synthesis abilities,0.2785714285714286,0.2985714285714286,0.39857142857142847,0.00615873015873016,1.544937041755019,0.09142857142857146,0.040025458966137545,70
5,You are a precise lawyer,0.3014285714285715,0.30142857142857143,0.3671428571428571,0.003746031746031748,1.5614959929929444,0.06190476190476193,0.023466507728212405,70
6,You are a clever merchant,0.29428571428571426,0.30142857142857143,0.3857142857142857,0.005333333333333335,1.5513471025540408,0.08285714285714288,0.03361539816711582,70
7,You are a talented summarizer with excellent synthesis abilities,0.2814285714285714,0.29571428571428576,0.4014285714285714,0.008126984126984127,1.53171743744908,0.10952380952380955,0.05324506327207681,70
