agent_index,agent_role,avg_choice_A_prob,avg_choice_B_prob,avg_choice_C_prob,avg_variance,avg_entropy,avg_gini,avg_uniform_kl,questions_processed
1,You are an excellent judge with strong critical thinking skills,0.30571428571428577,0.3071428571428572,0.3799999999999999,0.0022539682539682564,1.570730369227599,0.06380952380952383,0.014232131493557629,70
2,You are a knowledgeable and caring doctor,0.31142857142857155,0.3185714285714286,0.3385714285714285,0.002761904761904763,1.5668417458368575,0.05650793650793655,0.018120754884298856,70
3,You are a practical engineer,0.30857142857142866,0.32428571428571434,0.3371428571428571,0.0036507936507936523,1.5610569516262418,0.06603174603174605,0.023905549094915008,70
4,You are a talented summarizer with excellent synthesis abilities,0.2914285714285715,0.32428571428571434,0.36571428571428566,0.00561904761904762,1.5482863426678821,0.09079365079365084,0.03667615805327481,70
5,You are a precise lawyer,0.3142857142857143,0.32142857142857145,0.34857142857142853,0.0052063492063492076,1.550861911454587,0.08412698412698416,0.034100589266569774,70
6,You are a clever merchant,0.3014285714285715,0.32142857142857145,0.35999999999999993,0.006698412698412699,1.5405811690994176,0.10095238095238099,0.044381331621739184,70
7,You are a talented summarizer with excellent synthesis abilities,0.29571428571428576,0.3185714285714286,0.36428571428571427,0.007936507936507936,1.531814116776122,0.11238095238095243,0.053148383945034926,70
