agent_index,agent_role,avg_choice_A_prob,avg_choice_B_prob,avg_choice_C_prob,avg_variance,avg_entropy,avg_gini,avg_uniform_kl,questions_processed
1,You are a knowledgeable and caring doctor,0.3414285714285714,0.33142857142857146,0.31714285714285706,0.008,1.5312114893701807,0.10761904761904764,0.05375101135097593,70
2,You are a practical engineer,0.3485714285714286,0.33428571428571424,0.3057142857142857,0.011682539682539685,1.504822429046839,0.12857142857142856,0.07983369070710394,70
3,You are a precise lawyer,0.33857142857142863,0.33857142857142863,0.30285714285714277,0.011587301587301587,1.5085214581009017,0.12571428571428572,0.07644104262025525,70
4,You are a clever merchant,0.3485714285714286,0.3357142857142857,0.30285714285714277,0.016126984126984118,1.4778109912502526,0.15238095238095234,0.10699898667458829,70
