agent_index,agent_role,avg_choice_A_prob,avg_choice_B_prob,avg_choice_C_prob,avg_variance,avg_entropy,avg_gini,avg_uniform_kl,questions_processed
1,You are a knowledgeable and caring doctor,0.35285714285714287,0.33285714285714274,0.31142857142857133,0.010063492063492066,1.5174603925456296,0.12095238095238095,0.06750210817552695,70
2,You are a practical engineer,0.35857142857142854,0.3357142857142857,0.29571428571428565,0.015809523809523808,1.4726581178452187,0.14476190476190476,0.11184944759970827,70
3,You are a precise lawyer,0.3557142857142857,0.3314285714285714,0.29714285714285715,0.014730158730158727,1.4797268204360245,0.13714285714285715,0.1047843547206379,70
4,You are a clever merchant,0.36285714285714277,0.32857142857142857,0.2971428571428571,0.016539682539682538,1.4657701542237629,0.1476190476190476,0.11858616799806389,70
