agent_index,agent_role,avg_choice_A_prob,avg_choice_B_prob,avg_choice_C_prob,avg_variance,avg_entropy,avg_gini,avg_uniform_kl,questions_processed
1,You are a knowledgeable and caring doctor,0.2942857142857144,0.3471428571428572,0.35857142857142854,0.030412698412698422,1.3830590557179925,0.24380952380952375,0.2015780979527004,70
2,You are a practical engineer,0.28,0.3471428571428571,0.37285714285714283,0.05117460317460317,1.2613273152217215,0.3257142857142856,0.32363518549943493,70
3,You are a precise lawyer,0.27857142857142864,0.3228571428571429,0.39857142857142847,0.044507936507936496,1.298676298555381,0.2923809523809523,0.2859851250604441,70
4,You are a clever merchant,0.26714285714285724,0.3357142857142857,0.3971428571428571,0.05374603174603174,1.238908038773803,0.33333333333333326,0.34560086204570617,70
