agent_index,agent_role,avg_choice_A_prob,avg_choice_B_prob,avg_choice_C_prob,avg_variance,avg_entropy,avg_gini,avg_uniform_kl,questions_processed
1,You are a knowledgeable and caring doctor,0.30857142857142866,0.33142857142857146,0.35999999999999993,0.031746031746031744,1.379981995186068,0.2514285714285714,0.20498050553508862,70
2,You are a practical engineer,0.2871428571428572,0.32999999999999996,0.38285714285714284,0.050888888888888886,1.2582345121995016,0.32571428571428557,0.3264229429290233,70
3,You are a precise lawyer,0.2628571428571429,0.3328571428571428,0.4042857142857143,0.04679365079365079,1.2800466193060152,0.30285714285714277,0.30446058736334736,70
4,You are a clever merchant,0.2842857142857143,0.3028571428571428,0.41285714285714287,0.06107936507936509,1.1898200117241342,0.3523809523809523,0.39402700708367694,70
