agent_index,agent_role,avg_choice_A_prob,avg_choice_B_prob,avg_choice_C_prob,avg_variance,avg_entropy,avg_gini,avg_uniform_kl,questions_processed
1,You are a knowledgeable and caring doctor,0.30328571428571427,0.3018571428571428,0.3705714285714285,0.009936825396825399,1.5120597807422036,0.08295238095238096,0.07212662755100241,70
2,You are a practical engineer,0.2971428571428572,0.3028571428571429,0.37857142857142845,0.013269841269841274,1.4935950354045413,0.09523809523809526,0.09056652275652585,70
3,You are a precise lawyer,0.3028571428571429,0.28714285714285714,0.3599999999999999,0.012063492063492066,1.4976966440118251,0.08,0.08506340611855878,70
4,You are a clever merchant,0.3071428571428572,0.3,0.37571428571428567,0.013555555555555559,1.4891457793511755,0.09904761904761905,0.09486092587505594,70
