agent_index,agent_role,avg_choice_A_prob,avg_choice_B_prob,avg_choice_C_prob,avg_variance,avg_entropy,avg_gini,avg_uniform_kl,questions_processed
1,You are a knowledgeable and caring doctor,0.34142857142857147,0.3114285714285714,0.32999999999999996,0.025079365079365073,1.4060464041917775,0.15555555555555556,0.17736883532179634,70
2,You are a practical engineer,0.3400000000000001,0.29571428571428576,0.3257142857142857,0.02231746031746031,1.428038203304728,0.146031746031746,0.15376238407347215,70
3,You are a precise lawyer,0.3357142857142857,0.2957142857142857,0.3171428571428571,0.023365079365079356,1.417073713321482,0.1333333333333333,0.16409464297590312,70
4,You are a clever merchant,0.3442857142857143,0.29571428571428576,0.31857142857142856,0.025492063492063486,1.4085514822595602,0.14952380952380956,0.1728037831841647,70
