agent_index,agent_role,avg_choice_A_prob,avg_choice_B_prob,avg_choice_C_prob,avg_variance,avg_entropy,avg_gini,avg_uniform_kl,questions_processed
1,You are a knowledgeable and caring doctor,0.3528571428571429,0.35,0.29714285714285704,0.01250793650793651,1.5056502163159127,0.14190476190476192,0.07931228440524424,70
2,You are a practical engineer,0.3471428571428572,0.3414285714285715,0.31142857142857133,0.014126984126984127,1.4929309205611025,0.14761904761904765,0.0918754476520029,70
3,You are a precise lawyer,0.3185714285714286,0.32571428571428573,0.3485714285714285,0.016920634920634916,1.4761075473982397,0.14857142857142858,0.10870639901390097,70
4,You are a clever merchant,0.3142857142857143,0.33,0.3485714285714285,0.02012698412698412,1.4573192427279007,0.169013949013949,0.127643257993256,70
