agent_index,agent_role,avg_choice_A_prob,avg_choice_B_prob,avg_choice_C_prob,avg_variance,avg_entropy,avg_gini,avg_uniform_kl,questions_processed
1,You are a knowledgeable and caring doctor,0.33571428571428574,0.35285714285714287,0.31142857142857133,0.025460317460317454,1.4215683136648292,0.19904761904761903,0.16323805454827653,70
2,You are a practical engineer,0.33142857142857146,0.3285714285714286,0.3357142857142857,0.026603174603174597,1.4096082520912674,0.20571428571428568,0.17505544586171126,70
3,You are a precise lawyer,0.31428571428571433,0.34571428571428575,0.33285714285714274,0.026920634920634918,1.4105273500880706,0.2042328042328042,0.17428490217392342,70
4,You are a clever merchant,0.3171428571428572,0.32571428571428573,0.3499999999999999,0.037587301587301586,1.343418608947065,0.23566137566137568,0.24106829626446583,70
