agent_index,agent_role,avg_choice_A_prob,avg_choice_B_prob,avg_choice_C_prob,avg_variance,avg_entropy,avg_gini,avg_uniform_kl,questions_processed
1,You are a knowledgeable and caring doctor,0.33214285714285713,0.3035714285714286,0.3128571428571429,0.0032079365079365086,1.563872011430815,0.0442857142857143,0.021090489290341918,70
2,You are a practical engineer,0.3414285714285715,0.2928571428571429,0.31,0.006888888888888889,1.5421182017446626,0.060952380952380966,0.04284429897649429,70
3,You are a precise lawyer,0.33142857142857146,0.29857142857142865,0.31142857142857144,0.005396825396825396,1.5510938904417888,0.05142857142857145,0.03386861027936798,70
4,You are a clever merchant,0.33571428571428574,0.29000000000000004,0.3357142857142857,0.01050793650793651,1.516348370925694,0.08380952380952382,0.06828878274499936,70
