agent_index,agent_role,avg_choice_A_prob,avg_choice_B_prob,avg_choice_C_prob,avg_variance,avg_entropy,avg_gini,avg_uniform_kl,questions_processed
1,You are a knowledgeable and caring doctor,0.3408571428571429,0.29800000000000004,0.3197142857142857,0.007048253968253969,1.535393005542155,0.07161904761904762,0.04942094086998616,70
2,You are a practical engineer,0.3514285714285714,0.3028571428571429,0.31142857142857144,0.009650793650793651,1.5178355937142805,0.09650793650793654,0.06697835269786037,70
3,You are a precise lawyer,0.3485714285714286,0.31,0.29714285714285715,0.007142857142857143,1.5354498473143792,0.07936507936507939,0.04936013061046173,70
4,You are a clever merchant,0.35571428571428576,0.31285714285714294,0.31142857142857133,0.010634920634920636,1.5134507224826028,0.11142857142857143,0.0713592554422382,70
