agent_index,agent_role,avg_choice_A_prob,avg_choice_B_prob,avg_choice_C_prob,avg_variance,avg_entropy,avg_gini,avg_uniform_kl,questions_processed
1,You are a knowledgeable and caring doctor,0.3371428571428572,0.3442857142857142,0.2957142857142857,0.002857142857142859,1.5659290259884318,0.06285714285714286,0.01903347473272482,70
2,You are a practical engineer,0.33857142857142863,0.35285714285714276,0.29428571428571426,0.005904761904761906,1.5467840080354782,0.09333333333333335,0.0381784926856784,70
3,You are a precise lawyer,0.34,0.3485714285714285,0.28857142857142853,0.005523809523809525,1.5487152831116715,0.09037037037037038,0.036247217609485384,70
4,You are a clever merchant,0.3514285714285714,0.35857142857142854,0.2842857142857143,0.008285714285714287,1.5318190514121843,0.11619047619047623,0.05314344930897249,70
