agent_index,agent_role,avg_choice_A_prob,avg_choice_B_prob,avg_choice_C_prob,avg_variance,avg_entropy,avg_gini,avg_uniform_kl,questions_processed
1,You are a knowledgeable and caring doctor,0.3528571428571428,0.33999999999999997,0.3014285714285713,0.005047619047619049,1.5507216694895203,0.09047619047619049,0.03424083123163626,70
2,You are a practical engineer,0.36428571428571427,0.3442857142857142,0.28571428571428564,0.01019047619047619,1.516285230776314,0.1333333333333333,0.06867726994484255,70
3,You are a precise lawyer,0.35,0.34285714285714286,0.2928571428571428,0.010285714285714285,1.5163300271046884,0.13068783068783066,0.06863247361646813,70
4,You are a clever merchant,0.3561428571428572,0.3418571428571429,0.2934285714285714,0.013428888888888888,1.4969716490146523,0.14792592592592593,0.08799085170650456,70
