agent_index,agent_role,avg_choice_A_prob,avg_choice_B_prob,avg_choice_C_prob,avg_variance,avg_entropy,avg_gini,avg_uniform_kl,questions_processed
1,You are a knowledgeable and caring doctor,0.3628571428571429,0.3214285714285714,0.31571428571428567,0.023936507936507933,1.4131146272547435,0.1695238095238095,0.17046396419035234,70
2,You are a practical engineer,0.3685714285714286,0.31999999999999995,0.3114285714285714,0.02041269841269841,1.4407043244358375,0.16095238095238096,0.14333212020748384,70
3,You are a precise lawyer,0.37714285714285717,0.3128571428571428,0.31000000000000005,0.023841269841269837,1.4229110514475032,0.17047619047619048,0.16127075237002927,70
4,You are a clever merchant,0.3871428571428572,0.3142857142857143,0.29857142857142854,0.027269841269841263,1.3970410974118088,0.18666666666666668,0.18666872060783324,70
