agent_index,agent_role,avg_choice_A_prob,avg_choice_B_prob,avg_choice_C_prob,avg_variance,avg_entropy,avg_gini,avg_uniform_kl,questions_processed
1,You are a knowledgeable and caring doctor,0.34,0.3357142857142857,0.3242857142857143,0.011746031746031749,1.5072106670056384,0.11714285714285716,0.07760158525635583,70
2,You are a practical engineer,0.3542857142857143,0.34142857142857136,0.30428571428571427,0.017079365079365073,1.4650356787359782,0.1419047619047619,0.11912757357523565,70
3,You are a precise lawyer,0.35714285714285715,0.3371428571428571,0.3057142857142857,0.018412698412698412,1.457515866033837,0.1476190476190476,0.12664738627737665,70
4,You are a clever merchant,0.3628571428571429,0.3385714285714285,0.29857142857142854,0.019841269841269837,1.4455665403529796,0.15523809523809526,0.13844815764921833,70
