agent_index,agent_role,avg_choice_A_prob,avg_choice_B_prob,avg_choice_C_prob,avg_variance,avg_entropy,avg_gini,avg_uniform_kl,questions_processed
1,You are a knowledgeable and caring doctor,0.3255714285714286,0.33271428571428563,0.3417142857142857,0.0030803174603174625,1.565439563674932,0.07361904761904764,0.01952293704622463,70
2,You are a practical engineer,0.33428571428571424,0.32,0.3385714285714286,0.0055873015873015896,1.5494962901888139,0.08952380952380953,0.03546621053234285,70
3,You are a precise lawyer,0.3395714285714286,0.3081428571428572,0.33371428571428563,0.005431428571428572,1.5508995194746118,0.07514285714285716,0.034062981246544735,70
4,You are a clever merchant,0.33857142857142863,0.31285714285714283,0.34428571428571425,0.007269841269841269,1.5394790929871152,0.09714285714285718,0.04548340773404138,70
