agent_index,agent_role,avg_choice_A_prob,avg_choice_B_prob,avg_choice_C_prob,avg_variance,avg_entropy,avg_gini,avg_uniform_kl,questions_processed
1,You are a knowledgeable and caring doctor,0.31228571428571433,0.3237142857142857,0.3639999999999999,0.0028260317460317486,1.567268607651946,0.06971428571428576,0.017693893069210688,70
2,You are a practical engineer,0.32042857142857145,0.309,0.35628571428571415,0.003587619047619049,1.5620530043204988,0.07184126984126987,0.022909496400658036,70
3,You are a precise lawyer,0.32642857142857146,0.3035714285714286,0.3414285714285713,0.003239682539682541,1.564267576437467,0.05761904761904767,0.020694924283689527,70
4,You are a clever merchant,0.32428571428571434,0.31,0.3499999999999999,0.00434920634920635,1.5569224791551888,0.0723809523809524,0.02804002156596811,70
