agent_index,agent_role,avg_choice_A_prob,avg_choice_B_prob,avg_choice_C_prob,avg_variance,avg_entropy,avg_gini,avg_uniform_kl,questions_processed
1,You are an excellent judge with strong critical thinking skills,0.36,0.33142857142857135,0.2928571428571429,0.012063492063492063,1.5002377031509861,0.12095238095238098,0.0844243006518457,70
2,You are a skilled analyst with exceptional analytical abilities,0.3742857142857143,0.32857142857142857,0.28428571428571425,0.019650793650793644,1.450132454635427,0.1695238095238095,0.13437469623256926,70
3,You are a thoughtful reflector with strong metacognitive skills,0.35,0.32285714285714284,0.3085714285714286,0.008761904761904762,1.5243709190056196,0.10380952380952382,0.060441333256374706,70
4,You are a talented summarizer with excellent synthesis abilities,0.3685714285714286,0.32571428571428573,0.2928571428571428,0.01669841269841269,1.4699260926172344,0.1580952380952381,0.11473719075881333,70
