agent_index,agent_role,avg_choice_A_prob,avg_choice_B_prob,avg_choice_C_prob,avg_variance,avg_entropy,avg_gini,avg_uniform_kl,questions_processed
1,You are an excellent judge with strong critical thinking skills,0.30142857142857143,0.3357142857142857,0.3628571428571429,0.028222222222222215,1.3961374858130107,0.24952380952380945,0.18882501490814604,70
2,You are a skilled analyst with exceptional analytical abilities,0.2585714285714286,0.35285714285714287,0.38857142857142857,0.05926984126984127,1.2063617300704386,0.36380952380952375,0.37827542360025435,70
3,You are a thoughtful reflector with strong metacognitive skills,0.2728571428571429,0.3442857142857143,0.3828571428571429,0.04736507936507936,1.2740150453582417,0.3161904761904762,0.31046958551613496,70
4,You are a talented summarizer with excellent synthesis abilities,0.26428571428571435,0.3585714285714286,0.37714285714285717,0.06241269841269843,1.182715426357174,0.3704761904761904,0.4014402477550039,70
