agent_index,agent_role,avg_choice_A_prob,avg_choice_B_prob,avg_choice_C_prob,avg_variance,avg_entropy,avg_gini,avg_uniform_kl,questions_processed
1,You are an excellent judge with strong critical thinking skills,0.3400000000000001,0.33142857142857135,0.30714285714285716,0.007841269841269842,1.530702014281856,0.09714285714285716,0.05411023798013837,70
2,You are a skilled analyst with exceptional analytical abilities,0.3585714285714286,0.3414285714285714,0.2828571428571428,0.014603174603174599,1.4862038765988388,0.14857142857142855,0.09860837566315564,70
3,You are a thoughtful reflector with strong metacognitive skills,0.3400000000000001,0.33714285714285713,0.3028571428571428,0.007492063492063493,1.5337001741316596,0.09523809523809526,0.05111207813033462,70
4,You are a talented summarizer with excellent synthesis abilities,0.36000000000000004,0.3385714285714286,0.28857142857142853,0.01631746031746031,1.4767884377004588,0.15428571428571425,0.10802154022438218,70
