agent_index,agent_role,avg_choice_A_prob,avg_choice_B_prob,avg_choice_C_prob,avg_variance,avg_entropy,avg_gini,avg_uniform_kl,questions_processed
1,You are an excellent judge with strong critical thinking skills,0.3157142857142857,0.3171428571428571,0.3657142857142858,0.03619047619047619,1.346726206159545,0.28222222222222215,0.23823629456161163,70
2,You are a skilled analyst with exceptional analytical abilities,0.29571428571428565,0.32,0.3842857142857143,0.05831746031746032,1.2055228205106114,0.36571428571428566,0.37897850210986217,70
3,You are a thoughtful reflector with strong metacognitive skills,0.29571428571428576,0.3114285714285714,0.3928571428571429,0.03898412698412699,1.3316124563936969,0.27714285714285714,0.2531975215311437,70
4,You are a talented summarizer with excellent synthesis abilities,0.31000000000000005,0.30714285714285716,0.38285714285714284,0.052888888888888895,1.2425292001142287,0.3399999999999999,0.3419757322179801,70
