agent_index,agent_role,avg_choice_A_prob,avg_choice_B_prob,avg_choice_C_prob,avg_variance,avg_entropy,avg_gini,avg_uniform_kl,questions_processed
1,You are an excellent judge with strong critical thinking skills,0.3085714285714286,0.2971428571428572,0.3571428571428571,0.008349206349206351,1.5269900534801601,0.07142857142857144,0.057496851731370695,70
2,You are a skilled analyst with exceptional analytical abilities,0.3071428571428572,0.31428571428571433,0.3571428571428571,0.012412698412698417,1.4995317500738845,0.106984126984127,0.0849551551376463,70
3,You are a thoughtful reflector with strong metacognitive skills,0.31428571428571433,0.29714285714285715,0.3642857142857142,0.013682539682539685,1.4899969210495223,0.1107936507936508,0.09433746136569252,70
4,You are a talented summarizer with excellent synthesis abilities,0.32142857142857145,0.3071428571428571,0.35571428571428565,0.015111111111111101,1.479454493885534,0.1219047619047619,0.10473091964373413,70
