agent_index,agent_role,avg_choice_A_prob,avg_choice_B_prob,avg_choice_C_prob,avg_variance,avg_entropy,avg_gini,avg_uniform_kl,questions_processed
1,You are an excellent judge with strong critical thinking skills,0.30000000000000004,0.29571428571428576,0.36285714285714277,0.002634920634920636,1.5656821700157664,0.046666666666666703,0.01913008224622776,70
2,You are a skilled analyst with exceptional analytical abilities,0.3071428571428572,0.31714285714285706,0.35857142857142854,0.004984126984126986,1.5510632565015865,0.07428571428571432,0.033748995760407526,70
3,You are a thoughtful reflector with strong metacognitive skills,0.3028571428571429,0.3228571428571428,0.3628571428571428,0.00596825396825397,1.5447837147669026,0.08476190476190479,0.040028537495091755,70
4,You are a talented summarizer with excellent synthesis abilities,0.3042857142857143,0.3257142857142856,0.35857142857142854,0.00615873015873016,1.5422815504759215,0.09142857142857144,0.04253198135928836,70
