agent_index,agent_role,avg_choice_A_prob,avg_choice_B_prob,avg_choice_C_prob,avg_variance,avg_entropy,avg_gini,avg_uniform_kl,questions_processed
1,You are an excellent judge with strong critical thinking skills,0.3400000000000001,0.3357142857142857,0.3242857142857143,0.01307936507936508,1.4986130121291101,0.15904761904761905,0.08634948859204657,70
2,You are a skilled analyst with exceptional analytical abilities,0.3071428571428572,0.3142857142857143,0.3757142857142856,0.023492063492063484,1.4373750803579557,0.1876190476190476,0.1475874203632012,70
3,You are a thoughtful reflector with strong metacognitive skills,0.2914285714285714,0.31714285714285717,0.38571428571428573,0.03123809523809523,1.3832732368683756,0.2123809523809524,0.20139215523474935,70
4,You are a talented summarizer with excellent synthesis abilities,0.2757142857142858,0.30000000000000004,0.41714285714285715,0.042158730158730166,1.3197604048147238,0.2525925925925926,0.2650535415974173,70
