agent_index,agent_role,avg_choice_A_prob,avg_choice_B_prob,avg_choice_C_prob,avg_variance,avg_entropy,avg_gini,avg_uniform_kl,questions_processed
1,You are an excellent judge with strong critical thinking skills,0.34,0.3485714285714285,0.31142857142857144,0.008126984126984128,1.5317226124231447,0.11904761904761908,0.053239888298012135,70
2,You are a skilled analyst with exceptional analytical abilities,0.32142857142857145,0.33142857142857146,0.34428571428571425,0.012634920634920638,1.5040953890118691,0.13714285714285715,0.08086711170928776,70
3,You are a thoughtful reflector with strong metacognitive skills,0.3114285714285715,0.3185714285714285,0.36428571428571427,0.020857142857142852,1.454824494352207,0.16380952380952385,0.1301380063689498,70
4,You are a talented summarizer with excellent synthesis abilities,0.29000000000000004,0.3114285714285715,0.39285714285714285,0.031809523809523815,1.386553105756997,0.21640211640211637,0.19840939496415946,70
