agent_index,agent_role,avg_choice_A_prob,avg_choice_B_prob,avg_choice_C_prob,avg_variance,avg_entropy,avg_gini,avg_uniform_kl,questions_processed
1,You are an excellent judge with strong critical thinking skills,0.33142857142857146,0.3042857142857143,0.30142857142857143,0.005111111111111111,1.5515109135935932,0.05047619047619049,0.033451587127563465,70
2,You are a skilled analyst with exceptional analytical abilities,0.35,0.3000000000000001,0.3257142857142857,0.009206349206349208,1.5254530093316492,0.10095238095238096,0.05950949138950774,70
3,You are a thoughtful reflector with strong metacognitive skills,0.33857142857142863,0.30571428571428577,0.3242857142857143,0.007333333333333335,1.5360306907438026,0.08793650793650795,0.048931809977354176,70
4,You are a talented summarizer with excellent synthesis abilities,0.34714285714285714,0.29857142857142865,0.3385714285714285,0.009968253968253968,1.5208969665865262,0.10857142857142858,0.06406553413463062,70
