agent_index,agent_role,avg_choice_A_prob,avg_choice_B_prob,avg_choice_C_prob,avg_variance,avg_entropy,avg_gini,avg_uniform_kl,questions_processed
1,You are an excellent judge with strong critical thinking skills,0.3514285714285714,0.3399999999999999,0.29428571428571426,0.0048571428571428585,1.5520284527711432,0.08380952380952382,0.03293404795001312,70
2,You are a skilled analyst with exceptional analytical abilities,0.36428571428571427,0.3328571428571428,0.29714285714285715,0.010095238095238096,1.5153326030441288,0.12994708994708998,0.06948134336801201,70
3,You are a thoughtful reflector with strong metacognitive skills,0.3471428571428571,0.3242857142857143,0.32,0.009841269841269843,1.5188144844756457,0.1268783068783069,0.0661480162455108,70
4,You are a talented summarizer with excellent synthesis abilities,0.34571428571428575,0.32571428571428573,0.32142857142857145,0.014920634920634912,1.4878223673190503,0.15640211640211643,0.09714013340210635,70
