agent_index,agent_role,avg_choice_A_prob,avg_choice_B_prob,avg_choice_C_prob,avg_variance,avg_entropy,avg_gini,avg_uniform_kl,questions_processed
1,You are an excellent judge with strong critical thinking skills,0.34142857142857147,0.29857142857142865,0.32,0.006571428571428573,1.5404142101107814,0.0704761904761905,0.0443957678140596,70
2,You are a skilled analyst with exceptional analytical abilities,0.3514285714285714,0.3028571428571428,0.3285714285714285,0.008317460317460319,1.5292115080560826,0.10571428571428572,0.055750992665073947,70
3,You are a thoughtful reflector with strong metacognitive skills,0.3528571428571429,0.30000000000000004,0.3242857142857143,0.010285714285714285,1.5174186343058935,0.10285714285714286,0.06738773390721203,70
4,You are a talented summarizer with excellent synthesis abilities,0.3528571428571429,0.29428571428571426,0.3471428571428571,0.013047619047619047,1.502127601844049,0.1295238095238095,0.08283489887710764,70
