agent_index,agent_role,avg_choice_A_prob,avg_choice_B_prob,avg_choice_C_prob,avg_variance,avg_entropy,avg_gini,avg_uniform_kl,questions_processed
1,You are an excellent judge with strong critical thinking skills,0.32999999999999996,0.33428571428571424,0.30571428571428566,0.0026984126984127,1.5669298764360382,0.058095238095238116,0.01803262428511858,70
2,You are a skilled analyst with exceptional analytical abilities,0.3271428571428572,0.3357142857142857,0.32999999999999996,0.007777777777777778,1.5344902406818162,0.11375661375661378,0.050472260039340446,70
3,You are a thoughtful reflector with strong metacognitive skills,0.329,0.3447142857142857,0.32199999999999995,0.006666984126984128,1.5420104656297358,0.10676190476190478,0.04295203509142106,70
4,You are a talented summarizer with excellent synthesis abilities,0.32142857142857145,0.33,0.34,0.014317460317460316,1.4943412946767318,0.15587301587301589,0.09062120604442492,70
