agent_index,agent_role,avg_choice_A_prob,avg_choice_B_prob,avg_choice_C_prob,avg_variance,avg_entropy,avg_gini,avg_uniform_kl,questions_processed
1,You are an excellent judge with strong critical thinking skills,0.32000000000000006,0.32857142857142857,0.35142857142857137,0.0046984126984127,1.5539703811711514,0.08476190476190479,0.030992119550005085,70
2,You are a skilled analyst with exceptional analytical abilities,0.3400000000000001,0.3228571428571429,0.3371428571428571,0.009269841269841272,1.525495631926765,0.10952380952380955,0.05946686879439176,70
3,You are a thoughtful reflector with strong metacognitive skills,0.35571428571428576,0.3271428571428571,0.31714285714285706,0.011365079365079368,1.5076724322635575,0.1161904761904762,0.07696472140713558,70
4,You are a talented summarizer with excellent synthesis abilities,0.35571428571428576,0.3271428571428571,0.31714285714285706,0.011841269841269845,1.5052801864911183,0.11904761904761908,0.07935696717957481,70
