agent_index,agent_role,avg_choice_A_prob,avg_choice_B_prob,avg_choice_C_prob,avg_variance,avg_entropy,avg_gini,avg_uniform_kl,questions_processed
1,You are an excellent judge with strong critical thinking skills,0.33285714285714285,0.31999999999999995,0.34714285714285703,0.011650793650793653,1.5035973455585228,0.11904761904761905,0.08090852573625756,70
2,You are a skilled analyst with exceptional analytical abilities,0.3628571428571429,0.3171428571428571,0.32,0.01879365079365079,1.4531284187387232,0.15714285714285717,0.13123017782025714,70
3,You are a thoughtful reflector with strong metacognitive skills,0.3685714285714286,0.3157142857142857,0.31571428571428567,0.01574603174603174,1.4697364943179234,0.14380952380952386,0.11447488330662271,70
4,You are a talented summarizer with excellent synthesis abilities,0.3842857142857143,0.31714285714285717,0.2985714285714286,0.02079365079365079,1.4428011329289618,0.16761904761904764,0.141707712089181,70
