agent_index,agent_role,avg_choice_A_prob,avg_choice_B_prob,avg_choice_C_prob,avg_variance,avg_entropy,avg_gini,avg_uniform_kl,questions_processed
1,You are an excellent judge with strong critical thinking skills,0.30142857142857143,0.30142857142857143,0.3885714285714284,0.002222222222222225,1.5709305393171202,0.06285714285714288,0.014031961404036382,70
2,You are a skilled analyst with exceptional analytical abilities,0.3014285714285715,0.32,0.357142857142857,0.003269841269841272,1.5637326466794836,0.06571428571428573,0.02122985404167319,70
3,You are a thoughtful reflector with strong metacognitive skills,0.30842857142857144,0.3112857142857143,0.3574285714285713,0.0022866666666666686,1.5706694449488339,0.05361904761904767,0.014293055772322706,70
4,You are a talented summarizer with excellent synthesis abilities,0.2914285714285715,0.31428571428571433,0.3785714285714285,0.004634920634920636,1.5547505402687605,0.08444444444444447,0.030211960452396245,70
