agent_index,agent_role,avg_choice_A_prob,avg_choice_B_prob,avg_choice_C_prob,avg_variance,avg_entropy,avg_gini,avg_uniform_kl,questions_processed
1,You are an excellent judge with strong critical thinking skills,0.3032857142857143,0.3118571428571429,0.38057142857142845,0.0028574603174603202,1.5665925913385852,0.0686666666666667,0.018369909382571346,70
2,You are a skilled analyst with exceptional analytical abilities,0.3122857142857143,0.32228571428571423,0.34542857142857136,0.0024768253968253983,1.5690853375682536,0.05923809523809528,0.015877163152902954,70
3,You are a thoughtful reflector with strong metacognitive skills,0.3152857142857142,0.31957142857142856,0.34657142857142853,0.0019076190476190493,1.572893697050025,0.05038095238095243,0.012068803671131686,70
4,You are a talented summarizer with excellent synthesis abilities,0.30142857142857143,0.3171428571428571,0.3728571428571428,0.005269841269841271,1.5512228447696508,0.0885714285714286,0.033739655951505854,70
