agent_index,agent_role,avg_choice_A_prob,avg_choice_B_prob,avg_choice_C_prob,avg_variance,avg_entropy,avg_gini,avg_uniform_kl,questions_processed
1,You are an excellent judge with strong critical thinking skills,0.34285714285714286,0.33571428571428563,0.30857142857142855,0.006984126984126986,1.5387587164271763,0.09714285714285716,0.0462037842939802,70
2,You are a knowledgeable and caring doctor,0.36428571428571427,0.34,0.28142857142857136,0.014857142857142855,1.483894906859448,0.1438095238095238,0.10075893855734142,70
3,You are a practical engineer,0.3657142857142857,0.33714285714285713,0.2828571428571428,0.014857142857142855,1.4825542769562963,0.14380952380952378,0.10210184279764657,70
4,You are a talented summarizer with excellent synthesis abilities,0.3771428571428571,0.3428571428571429,0.2671428571428571,0.022031746031746027,1.4384684588691692,0.1847619047619047,0.14618538654762042,70
