agent_index,agent_role,avg_choice_A_prob,avg_choice_B_prob,avg_choice_C_prob,avg_variance,avg_entropy,avg_gini,avg_uniform_kl,questions_processed
1,You are an excellent judge with strong critical thinking skills,0.36,0.32285714285714284,0.3057142857142857,0.009682539682539685,1.5164386271157066,0.11523809523809524,0.06837362514628764,70
2,You are a knowledgeable and caring doctor,0.3614285714285714,0.32285714285714284,0.3028571428571428,0.016793650793650788,1.4720897299980358,0.15047619047619049,0.11256411541875364,70
3,You are a practical engineer,0.3642857142857142,0.31999999999999995,0.30000000000000004,0.01758730158730158,1.4661354759820309,0.15333333333333332,0.11852064377191189,70
4,You are a talented summarizer with excellent synthesis abilities,0.3871428571428571,0.30857142857142855,0.29285714285714287,0.026634920634920626,1.4060557199657533,0.2009523809523809,0.17829535419555778,70
