agent_index,agent_role,avg_choice_A_prob,avg_choice_B_prob,avg_choice_C_prob,avg_variance,avg_entropy,avg_gini,avg_uniform_kl,questions_processed
1,You are an excellent judge with strong critical thinking skills,0.31142857142857155,0.3342857142857143,0.35428571428571437,0.032984126984126984,1.365209925562076,0.27238095238095233,0.2197525751590805,70
2,You are a knowledgeable and caring doctor,0.29714285714285715,0.3314285714285714,0.37142857142857144,0.06050793650793651,1.1994266045088677,0.3714285714285714,0.38521054916182557,70
3,You are a practical engineer,0.2985714285714286,0.33428571428571424,0.3671428571428571,0.06622222222222222,1.1583073716320318,0.38857142857142846,0.4258744879868671,70
4,You are a talented summarizer with excellent synthesis abilities,0.29571428571428576,0.3342857142857143,0.37,0.0685079365079365,1.1450707699168094,0.38952380952380944,0.43894907314514936,70
