agent_index,agent_role,avg_choice_A_prob,avg_choice_B_prob,avg_choice_C_prob,avg_variance,avg_entropy,avg_gini,avg_uniform_kl,questions_processed
1,You are an excellent judge with strong critical thinking skills,0.3314285714285714,0.3142857142857144,0.35428571428571426,0.0306984126984127,1.3829803236489766,0.25809523809523804,0.20198217707218,70
2,You are a knowledgeable and caring doctor,0.3100000000000001,0.31428571428571433,0.3757142857142857,0.053841269841269836,1.2384910156219981,0.3485714285714285,0.3463189623028425,70
3,You are a practical engineer,0.30142857142857143,0.31285714285714283,0.38571428571428573,0.06603174603174605,1.1660817994540285,0.3799999999999999,0.4184028314203489,70
4,You are a talented summarizer with excellent synthesis abilities,0.2985714285714286,0.3157142857142857,0.38571428571428573,0.06174603174603176,1.1945870276657682,0.36857142857142855,0.39022295025907244,70
