agent_index,agent_role,avg_choice_A_prob,avg_choice_B_prob,avg_choice_C_prob,avg_variance,avg_entropy,avg_gini,avg_uniform_kl,questions_processed
1,You are an excellent judge with strong critical thinking skills,0.31142857142857144,0.29857142857142865,0.35999999999999993,0.009269841269841272,1.5210082210068072,0.08000000000000002,0.06347868420472365,70
2,You are a knowledgeable and caring doctor,0.3114285714285715,0.29000000000000004,0.3614285714285714,0.014825396825396821,1.4857918527069176,0.0961904761904762,0.09853664565940856,70
3,You are a practical engineer,0.30571428571428577,0.27857142857142864,0.3542857142857143,0.017904761904761902,1.4627340932922348,0.09333333333333334,0.11951932820576501,70
4,You are a talented summarizer with excellent synthesis abilities,0.3075714285714286,0.2875714285714286,0.35914285714285704,0.015651111111111105,1.481707901414242,0.10295238095238098,0.10129805404401536,70
