agent_index,agent_role,avg_choice_A_prob,avg_choice_B_prob,avg_choice_C_prob,avg_variance,avg_entropy,avg_gini,avg_uniform_kl,questions_processed
1,You are an excellent judge with strong critical thinking skills,0.30571428571428577,0.29571428571428576,0.3499999999999999,0.0024761904761904773,1.5666830204633726,0.04190476190476193,0.018129231798621522,70
2,You are a knowledgeable and caring doctor,0.3128571428571429,0.2928571428571429,0.35571428571428565,0.0048888888888888905,1.5515766469175336,0.059047619047619064,0.0332368849176764,70
3,You are a practical engineer,0.3157142857142857,0.2942857142857143,0.3528571428571428,0.006063492063492064,1.543575254157927,0.06666666666666668,0.041238692254213914,70
4,You are a talented summarizer with excellent synthesis abilities,0.3142857142857143,0.29571428571428576,0.36857142857142855,0.006888888888888891,1.5385162403160504,0.08190476190476192,0.04629729151915963,70
