agent_index,agent_role,avg_choice_A_prob,avg_choice_B_prob,avg_choice_C_prob,avg_variance,avg_entropy,avg_gini,avg_uniform_kl,questions_processed
1,You are an excellent judge with strong critical thinking skills,0.3418571428571429,0.3532857142857143,0.3034285714285714,0.00673047619047619,1.5412130812009286,0.10771428571428573,0.043749419520228185,70
2,You are a knowledgeable and caring doctor,0.3285714285714286,0.34142857142857147,0.3185714285714285,0.014253968253968253,1.4939699167456562,0.13333333333333333,0.09099258397550053,70
3,You are a practical engineer,0.32,0.34142857142857147,0.3257142857142857,0.014126984126984127,1.4949899624860432,0.13523809523809527,0.0899725382351137,70
4,You are a talented summarizer with excellent synthesis abilities,0.3014285714285715,0.33000000000000007,0.3514285714285714,0.0186031746031746,1.4686612987837047,0.15047619047619049,0.11630120193745179,70
