agent_index,agent_role,avg_choice_A_prob,avg_choice_B_prob,avg_choice_C_prob,avg_variance,avg_entropy,avg_gini,avg_uniform_kl,questions_processed
1,You are an excellent judge with strong critical thinking skills,0.34142857142857147,0.3400000000000001,0.3185714285714285,0.011174603174603176,1.510156429719631,0.13238095238095238,0.07465751669250982,70
2,You are a knowledgeable and caring doctor,0.3271428571428572,0.3271428571428572,0.3385714285714285,0.023015873015873003,1.4322182152813694,0.18095238095238098,0.15244717682175565,70
3,You are a practical engineer,0.33285714285714285,0.3185714285714286,0.34142857142857136,0.029873015873015867,1.3918525008225031,0.20857142857142857,0.19281289128062182,70
4,You are a talented summarizer with excellent synthesis abilities,0.29000000000000004,0.3228571428571429,0.37714285714285706,0.03980952380952381,1.3296709206942872,0.24666666666666665,0.25483833890078667,70
