agent_index,agent_role,avg_choice_A_prob,avg_choice_B_prob,avg_choice_C_prob,avg_variance,avg_entropy,avg_gini,avg_uniform_kl,questions_processed
1,You are an excellent judge with strong critical thinking skills,0.34142857142857147,0.2971428571428572,0.3157142857142857,0.00615873015873016,1.5432290469463192,0.06952380952380953,0.041733453774837566,70
2,You are a knowledgeable and caring doctor,0.35900000000000004,0.2947142857142858,0.31771428571428567,0.008793968253968255,1.5258275605395164,0.0981904761904762,0.059134940181640214,70
3,You are a practical engineer,0.35857142857142854,0.2971428571428572,0.32428571428571423,0.008920634920634921,1.526455583979403,0.10380952380952381,0.058506916741753755,70
4,You are a talented summarizer with excellent synthesis abilities,0.36428571428571427,0.28428571428571436,0.34714285714285703,0.012984126984126985,1.5010553830553441,0.13047619047619047,0.08375098515776118,70
