agent_index,agent_role,avg_choice_A_prob,avg_choice_B_prob,avg_choice_C_prob,avg_variance,avg_entropy,avg_gini,avg_uniform_kl,questions_processed
1,You are an excellent judge with strong critical thinking skills,0.35714285714285715,0.34142857142857136,0.2857142857142857,0.005111111111111113,1.5501276585934944,0.08571428571428572,0.03483484212766214,70
2,You are a knowledgeable and caring doctor,0.3585714285714286,0.33714285714285713,0.29428571428571426,0.009619047619047619,1.5208123416597121,0.12497354497354496,0.06415015906144474,70
3,You are a practical engineer,0.3628571428571429,0.33,0.29285714285714287,0.012000000000000002,1.5062065735988857,0.13375661375661377,0.07875592712227111,70
4,You are a talented summarizer with excellent synthesis abilities,0.3514285714285715,0.32428571428571434,0.3185714285714285,0.01647619047619047,1.4765956552832946,0.16730158730158726,0.1082143226415462,70
