agent_index,agent_role,avg_choice_A_prob,avg_choice_B_prob,avg_choice_C_prob,avg_variance,avg_entropy,avg_gini,avg_uniform_kl,questions_processed
1,You are an excellent judge with strong critical thinking skills,0.33428571428571424,0.3357142857142857,0.30428571428571427,0.00288888888888889,1.565988179085292,0.061904761904761914,0.018974321635864454,70
2,You are a knowledgeable and caring doctor,0.3371428571428572,0.33714285714285713,0.30714285714285716,0.0054285714285714284,1.5493707668670316,0.08783068783068787,0.03559173385412521,70
3,You are a practical engineer,0.3371428571428572,0.33285714285714285,0.3185714285714285,0.007492063492063493,1.5375409366817783,0.10571428571428575,0.047421564039378514,70
4,You are a talented summarizer with excellent synthesis abilities,0.33285714285714285,0.33428571428571435,0.3228571428571429,0.014761904761904757,1.4925603318936045,0.15343915343915338,0.09240216882755221,70
