agent_index,agent_role,avg_choice_A_prob,avg_choice_B_prob,avg_choice_C_prob,avg_variance,avg_entropy,avg_gini,avg_uniform_kl,questions_processed
1,You are an excellent judge with strong critical thinking skills,0.3228571428571429,0.3028571428571429,0.31,0.004222222222222223,1.556613333639845,0.04666666666666667,0.028349167081311574,70
2,You are a knowledgeable and caring doctor,0.3312857142857143,0.3027142857142857,0.31599999999999995,0.006921587301587303,1.5403995118002762,0.066,0.044562988920880404,70
3,You are a practical engineer,0.33857142857142863,0.29857142857142865,0.31857142857142856,0.009047619047619049,1.5271580249127918,0.08476190476190477,0.057804475808364994,70
4,You are a talented summarizer with excellent synthesis abilities,0.33285714285714285,0.29857142857142865,0.35142857142857137,0.011555555555555557,1.5102670438720256,0.11142857142857143,0.07454293405281522,70
