agent_index,agent_role,avg_choice_A_prob,avg_choice_B_prob,avg_choice_C_prob,avg_variance,avg_entropy,avg_gini,avg_uniform_kl,questions_processed
1,You are an excellent judge with strong critical thinking skills,0.3342857142857143,0.31857142857142856,0.34714285714285703,0.014698412698412693,1.4819482750119473,0.12571428571428572,0.10223585894410507,70
2,You are a knowledgeable and caring doctor,0.35571428571428576,0.3314285714285714,0.3128571428571428,0.01793650793650793,1.458063415134212,0.15809523809523812,0.12614038429129895,70
3,You are a practical engineer,0.3685714285714286,0.32428571428571423,0.30714285714285705,0.02222222222222222,1.43127690612061,0.1685714285714286,0.15275406905075334,70
4,You are a talented summarizer with excellent synthesis abilities,0.3757142857142857,0.3271428571428571,0.2971428571428571,0.027079365079365075,1.39798671470921,0.1952380952380952,0.18588818375546828,70
