agent_index,agent_role,avg_choice_A_prob,avg_choice_B_prob,avg_choice_C_prob,avg_variance,avg_entropy,avg_gini,avg_uniform_kl,questions_processed
1,You are an excellent judge with strong critical thinking skills,0.32,0.3257142857142857,0.3542857142857142,0.009555555555555558,1.5221865953490274,0.0961904761904762,0.06245055832166569,70
2,You are a knowledgeable and caring doctor,0.33857142857142863,0.31857142857142856,0.34285714285714275,0.01593650793650793,1.4770349099937488,0.1323809523809524,0.10728997866084179,70
3,You are a practical engineer,0.33857142857142863,0.33142857142857146,0.32999999999999985,0.0206031746031746,1.438345849049418,0.15523809523809526,0.14551230186779776,70
4,You are a talented summarizer with excellent synthesis abilities,0.3442857142857143,0.3271428571428571,0.32857142857142846,0.019746031746031744,1.4520001024444336,0.15523809523809526,0.1323306702590457,70
