agent_index,agent_role,avg_choice_A_prob,avg_choice_B_prob,avg_choice_C_prob,avg_variance,avg_entropy,avg_gini,avg_uniform_kl,questions_processed
1,You are an excellent judge with strong critical thinking skills,0.3032857142857143,0.3018571428571429,0.38771428571428557,0.0020320634920634947,1.5721495607668232,0.06104761904761909,0.012812939954333408,70
2,You are a knowledgeable and caring doctor,0.3065714285714286,0.3094285714285715,0.3611428571428571,0.002889523809523811,1.5668081020602576,0.060190476190476225,0.018154398660899334,70
3,You are a practical engineer,0.30142857142857143,0.3071428571428572,0.3685714285714285,0.0036190476190476203,1.5616702325897562,0.0685714285714286,0.023292268131400368,70
4,You are a talented summarizer with excellent synthesis abilities,0.29000000000000004,0.29857142857142865,0.39142857142857135,0.007873015873015874,1.5332041792490263,0.10634920634920637,0.05175832147213044,70
