agent_index,agent_role,avg_choice_A_prob,avg_choice_B_prob,avg_choice_C_prob,avg_variance,avg_entropy,avg_gini,avg_uniform_kl,questions_processed
1,You are an excellent judge with strong critical thinking skills,0.3042857142857143,0.3085714285714286,0.38142857142857134,0.002761904761904764,1.567673056280935,0.06761904761904763,0.01728944444022173,70
2,You are a knowledgeable and caring doctor,0.3157142857142857,0.31857142857142856,0.34285714285714286,0.004285714285714287,1.5573196875074466,0.07142857142857145,0.02764281321371006,70
3,You are a practical engineer,0.31714285714285717,0.3171428571428571,0.3471428571428571,0.004285714285714287,1.557239931491169,0.07333333333333335,0.02772256922998769,70
4,You are a talented summarizer with excellent synthesis abilities,0.3,0.31000000000000005,0.37,0.007777777777777778,1.5339025438021106,0.10793650793650798,0.05105995691904622,70
