agent_index,avg_choice_A_prob,avg_choice_B_prob,avg_choice_C_prob,avg_variance,avg_entropy,avg_gini,avg_uniform_kl,questions_processed
1,0.34571428571428575,0.3328571428571428,0.31285714285714283,0.007174603174603175,1.5373560419383823,0.10285714285714287,0.04760645878277444,70
2,0.3485714285714286,0.3457142857142857,0.29428571428571426,0.014730158730158727,1.485286302184281,0.1457142857142857,0.09952006602882432,70
3,0.3557142857142857,0.33999999999999997,0.2914285714285714,0.016698412698412695,1.4715658439189656,0.1571428571428571,0.11308800149782416,70
4,0.3499999999999999,0.3385714285714286,0.3014285714285714,0.014952380952380951,1.4841373829705742,0.15142857142857138,0.10066898524253114,70
