agent_index,avg_choice_A_prob,avg_choice_B_prob,avg_choice_C_prob,avg_variance,avg_entropy,avg_gini,avg_uniform_kl,questions_processed
1,0.3042857142857143,0.31142857142857144,0.38428571428571434,0.030984126984126985,1.3784071217656986,0.2571428571428571,0.206402856159142,70
2,0.29000000000000004,0.3085714285714286,0.40142857142857147,0.057555555555555554,1.2124874800464576,0.3504761904761904,0.3718446280316036,70
3,0.2742857142857143,0.33142857142857135,0.3942857142857143,0.05974603174603175,1.202784286888866,0.3628571428571427,0.3817170357316077,70
4,0.2757142857142858,0.32142857142857145,0.4028571428571429,0.06298412698412699,1.1836373806332712,0.3723809523809523,0.4008436405293707,70
