agent_index,avg_choice_A_prob,avg_choice_B_prob,avg_choice_C_prob,avg_variance,avg_entropy,avg_gini,avg_uniform_kl,questions_processed
1,0.2942857142857144,0.3485714285714286,0.35714285714285715,0.03593650793650794,1.344611682764917,0.2761904761904761,0.24004804670076102,70
2,0.28571428571428575,0.33142857142857135,0.3828571428571429,0.06184126984126984,1.1844570204567462,0.3676190476190475,0.3997058172775369,70
3,0.2785714285714287,0.32857142857142857,0.3928571428571429,0.07012698412698413,1.1306257031904217,0.3866666666666666,0.45288516086971814,70
4,0.26571428571428585,0.3314285714285714,0.4028571428571429,0.06603174603174604,1.162428915622106,0.3819047619047618,0.4217326425389613,70
