agent_index,avg_choice_A_prob,avg_choice_B_prob,avg_choice_C_prob,avg_variance,avg_entropy,avg_gini,avg_uniform_kl,questions_processed
1,0.3671428571428571,0.3157142857142856,0.31,0.011682539682539683,1.5073565516567071,0.13333333333333333,0.0776059490644494,70
2,0.37857142857142856,0.32428571428571423,0.28857142857142853,0.018507936507936504,1.4581163763024005,0.16761904761904758,0.12653974345154215,70
3,0.3814285714285714,0.3157142857142856,0.29428571428571426,0.020222222222222218,1.4498960063504787,0.17523809523809522,0.1349139715743618,70
4,0.3728571428571429,0.33428571428571424,0.2857142857142857,0.02025396825396825,1.4447787871234945,0.1838095238095238,0.13988491082948362,70
