agent_index,avg_choice_A_prob,avg_choice_B_prob,avg_choice_C_prob,avg_variance,avg_entropy,avg_gini,avg_uniform_kl,questions_processed
1,0.34,0.3071428571428571,0.3385714285714286,0.021523809523809518,1.4319769872049979,0.14095238095238097,0.15175279166183187,70
2,0.3157142857142857,0.3028571428571429,0.35142857142857137,0.02174603174603174,1.4385062925432168,0.12761904761904763,0.14549913310979895,70
3,0.31285714285714294,0.29857142857142865,0.35857142857142843,0.023174603174603167,1.4275096359332,0.13428571428571426,0.15633965721176443,70
4,0.31428571428571433,0.3028571428571428,0.3571428571428571,0.022126984126984123,1.4371316564266547,0.13523809523809524,0.14704787305372446,70
