agent_index,avg_choice_A_prob,avg_choice_B_prob,avg_choice_C_prob,avg_variance,avg_entropy,avg_gini,avg_uniform_kl,questions_processed
1,0.30571428571428577,0.31857142857142856,0.357142857142857,0.0045714285714285735,1.5509911000406174,0.06857142857142857,0.03367090376221447,70
2,0.3114285714285715,0.32142857142857145,0.34714285714285703,0.006158730158730161,1.5425369537156481,0.07523809523809526,0.04227699269649287,70
3,0.30571428571428577,0.3228571428571429,0.34714285714285703,0.008349206349206351,1.5307692268489084,0.08190476190476192,0.05404302541308579,70
4,0.3028571428571428,0.3171428571428571,0.34571428571428564,0.010285714285714287,1.5153496767648222,0.0903896103896104,0.06831197407545882,70
