agent_index,avg_choice_A_prob,avg_choice_B_prob,avg_choice_C_prob,avg_variance,avg_entropy,avg_gini,avg_uniform_kl,questions_processed
1,0.3757142857142858,0.3499999999999999,0.2742857142857143,0.010031746031746032,1.5162397213114494,0.13428571428571429,0.06857422510069161,70
2,0.35000000000000003,0.3371428571428572,0.3014285714285713,0.00996825396825397,1.520827098358082,0.12380952380952383,0.06413540236307462,70
3,0.3371428571428572,0.3471428571428571,0.30428571428571427,0.012063492063492064,1.5077038370378366,0.1306878306878307,0.07725866368332028,70
4,0.3328571428571429,0.3385714285714285,0.3185714285714285,0.007904761904761906,1.5346034137909803,0.10761904761904764,0.050359086930176385,70
