agent_index,avg_choice_A_prob,avg_choice_B_prob,avg_choice_C_prob,avg_variance,avg_entropy,avg_gini,avg_uniform_kl,questions_processed
1,0.36428571428571427,0.34,0.29428571428571426,0.010571428571428574,1.5160487987418754,0.14285714285714285,0.06891370197928152,70
2,0.3357142857142857,0.3371428571428572,0.32285714285714284,0.017365079365079358,1.4731135433224822,0.17047619047619048,0.11184895739867456,70
3,0.34857142857142853,0.34571428571428575,0.3,0.021238095238095226,1.4441011882399426,0.1838095238095238,0.14071275817219847,70
4,0.35000000000000003,0.3342857142857143,0.31,0.019999999999999993,1.4524839662238131,0.18095238095238098,0.13232998018832762,70
