agent_index,avg_choice_A_prob,avg_choice_B_prob,avg_choice_C_prob,avg_variance,avg_entropy,avg_gini,avg_uniform_kl,questions_processed
1,0.3542857142857142,0.3485714285714285,0.28857142857142853,0.004793650793650794,1.5526623161016269,0.08973544973544974,0.0323001846195296,70
2,0.34857142857142853,0.33714285714285713,0.29857142857142854,0.00815873015873016,1.5298991620132814,0.11301587301587303,0.055063338707875345,70
3,0.35042857142857137,0.3432857142857143,0.2962857142857143,0.008635238095238095,1.5280046774498204,0.11723809523809527,0.05695782327133647,70
4,0.35571428571428565,0.3499999999999999,0.29285714285714287,0.009523809523809525,1.5228465532747133,0.1306878306878307,0.062115947446443075,70
