agent_index,avg_choice_A_prob,avg_choice_B_prob,avg_choice_C_prob,avg_variance,avg_entropy,avg_gini,avg_uniform_kl,questions_processed
1,0.35285714285714287,0.3085714285714286,0.3114285714285714,0.006952380952380955,1.5337881537206228,0.08476190476190476,0.05102579269151794,70
2,0.3514285714285714,0.2971428571428572,0.3228571428571429,0.00834920634920635,1.5294054179629037,0.09365079365079368,0.05555708275825318,70
3,0.3514285714285714,0.30000000000000004,0.3214285714285714,0.008571428571428572,1.5274533105817045,0.10031746031746032,0.05750919013945205,70
4,0.3657142857142857,0.2928571428571429,0.3114285714285714,0.014603174603174595,1.487116427125553,0.11555555555555555,0.0975374182912366,70
