agent_index,avg_choice_A_prob,avg_choice_B_prob,avg_choice_C_prob,avg_variance,avg_entropy,avg_gini,avg_uniform_kl,questions_processed
1,0.3614285714285714,0.3414285714285714,0.29000000000000004,0.005587301587301589,1.5470052409593007,0.0942857142857143,0.037957259761855926,70
2,0.37428571428571433,0.3357142857142857,0.2828571428571428,0.010920634920634921,1.5121278453487417,0.1423280423280423,0.0728346553724152,70
3,0.38285714285714284,0.3485714285714285,0.26857142857142857,0.01307936507936508,1.4973430385742732,0.16095238095238093,0.08761946214688343,70
4,0.37999999999999995,0.34571428571428564,0.26999999999999996,0.013746031746031746,1.494578655097517,0.15999999999999998,0.09038384562363964,70
