agent_index,avg_choice_A_prob,avg_choice_B_prob,avg_choice_C_prob,avg_variance,avg_entropy,avg_gini,avg_uniform_kl,questions_processed
1,0.33614285714285713,0.3018571428571429,0.3148571428571429,0.004476507936507937,1.5546677076692585,0.05914285714285715,0.030294793051898493,70
2,0.33857142857142863,0.3028571428571429,0.31714285714285706,0.005873015873015873,1.5460103537338399,0.07142857142857142,0.03895214698731709,70
3,0.34714285714285714,0.29857142857142865,0.3142857142857143,0.0074285714285714285,1.535957902283976,0.08000000000000002,0.04900459843718086,70
4,0.3442857142857143,0.2957142857142858,0.3214285714285714,0.008222222222222223,1.530518215102197,0.08476190476190476,0.05444428561895963,70
