agent_index,avg_choice_A_prob,avg_choice_B_prob,avg_choice_C_prob,avg_variance,avg_entropy,avg_gini,avg_uniform_kl,questions_processed
1,0.3628571428571429,0.3185714285714285,0.3185714285714285,0.017555555555555553,1.4627504392321775,0.14476190476190476,0.12161234722554481,70
2,0.38857142857142857,0.3214285714285714,0.29,0.024412698412698414,1.4153182224396246,0.18476190476190477,0.16871822220369642,70
3,0.4014285714285714,0.3257142857142857,0.27285714285714285,0.027555555555555552,1.3920330847105824,0.199047619047619,0.19185183190036065,70
4,0.39571428571428563,0.32999999999999996,0.27428571428571424,0.028412698412698414,1.385024942843274,0.20571428571428568,0.19870786554828426,70
