agent_index,avg_choice_A_prob,avg_choice_B_prob,avg_choice_C_prob,avg_variance,avg_entropy,avg_gini,avg_uniform_kl,questions_processed
1,0.3322857142857143,0.3322857142857142,0.3354285714285714,0.010064126984126986,1.5171309963770037,0.10876190476190478,0.06768125588499041,70
2,0.35,0.3285714285714285,0.3214285714285714,0.013365079365079366,1.495252257907327,0.12857142857142856,0.08938489576336607,70
3,0.3514285714285714,0.33999999999999997,0.30857142857142855,0.015936507936507933,1.4749708479393828,0.14,0.10934095868084694,70
4,0.3728571428571429,0.3314285714285714,0.29571428571428565,0.020412698412698407,1.4463396422537163,0.1580952380952381,0.13799282459990964,70
