agent_index,avg_choice_A_prob,avg_choice_B_prob,avg_choice_C_prob,avg_variance,avg_entropy,avg_gini,avg_uniform_kl,questions_processed
1,0.3128571428571429,0.34857142857142853,0.33857142857142847,0.002984126984126986,1.5657939652054733,0.0723809523809524,0.01916853551568311,70
2,0.30614285714285716,0.339,0.339142857142857,0.004984444444444445,1.5531110860093917,0.0832698412698413,0.03185141471176464,70
3,0.3071428571428572,0.33285714285714285,0.34571428571428564,0.006380952380952381,1.5446392508347468,0.09174603174603177,0.04032324988640995,70
4,0.30857142857142855,0.32999999999999996,0.34571428571428564,0.004825396825396827,1.5543605377499699,0.0780952380952381,0.030601962971186752,70
