agent_index,avg_choice_A_prob,avg_choice_B_prob,avg_choice_C_prob,avg_variance,avg_entropy,avg_gini,avg_uniform_kl,questions_processed
1,0.3132857142857143,0.35185714285714287,0.3348571428571428,0.0022860317460317485,1.570448388896827,0.0667619047619048,0.01451411182432974,70
2,0.3142857142857143,0.3528571428571428,0.32285714285714284,0.004666666666666668,1.5542471754501659,0.08380952380952383,0.030715325270990666,70
3,0.3171428571428571,0.3314285714285714,0.3385714285714286,0.007269841269841271,1.538015390191096,0.10412698412698415,0.046947110530060766,70
4,0.32142857142857145,0.32999999999999996,0.3385714285714286,0.005714285714285715,1.5483523834356885,0.09079365079365083,0.03661011728546816,70
