agent_index,agent_role,avg_choice_A_prob,avg_choice_B_prob,avg_choice_C_prob,avg_variance,avg_entropy,avg_gini,avg_uniform_kl,questions_processed
1,You are an excellent judge with strong critical thinking skills,0.3671428571428571,0.3171428571428571,0.3057142857142857,0.011333333333333334,1.5082906494521449,0.12666666666666668,0.07652160280984935,70
2,You are a knowledgeable and caring doctor,0.39142857142857146,0.31571428571428567,0.28428571428571425,0.01841269841269841,1.4595788279054327,0.16380952380952385,0.12493007291407618,70
3,You are a practical engineer,0.39,0.3214285714285714,0.27999999999999997,0.018888888888888886,1.457814123077037,0.1752380952380952,0.1269998233351039,70
4,You are a precise lawyer,0.35428571428571426,0.3214285714285714,0.2928571428571428,0.011523809523809525,1.5059141505721907,0.1123809523809524,0.0788997958399501,70
5,You are a clever merchant,0.3914285714285714,0.32142857142857145,0.27714285714285714,0.02171428571428571,1.438322733809982,0.17714285714285716,0.14618255729779148,70
6,You are a talented summarizer with excellent synthesis abilities,0.37857142857142856,0.3285714285714285,0.28285714285714286,0.019809523809523808,1.4491158352820865,0.16878306878306878,0.13539173016284048,70
