agent_index,agent_role,avg_choice_A_prob,avg_choice_B_prob,avg_choice_C_prob,avg_variance,avg_entropy,avg_gini,avg_uniform_kl,questions_processed
1,You are an excellent judge with strong critical thinking skills,0.3485714285714286,0.3414285714285714,0.2942857142857143,0.007206349206349207,1.536578160246222,0.10000000000000002,0.04838434047493469,70
2,You are a knowledgeable and caring doctor,0.3571428571428572,0.3471428571428571,0.2771428571428572,0.015714285714285705,1.4793948808737898,0.14571428571428574,0.10526123888015332,70
3,You are a practical engineer,0.3614285714285715,0.33999999999999997,0.27999999999999997,0.015238095238095235,1.4871095315815486,0.14476190476190476,0.09785296913960818,70
4,You are a precise lawyer,0.3485714285714286,0.3314285714285714,0.2928571428571428,0.011142857142857144,1.5086187569347094,0.11333333333333336,0.07619349532728506,70
5,You are a clever merchant,0.36142857142857143,0.3414285714285714,0.2785714285714285,0.016380952380952375,1.4754923095654195,0.1495238095238095,0.10916381018852363,70
6,You are a talented summarizer with excellent synthesis abilities,0.3728571428571429,0.33428571428571424,0.2785714285714286,0.02295238095238095,1.4323137989362524,0.18571428571428567,0.15218391397248596,70
