agent_index,agent_role,avg_choice_A_prob,avg_choice_B_prob,avg_choice_C_prob,avg_variance,avg_entropy,avg_gini,avg_uniform_kl,questions_processed
1,You are an excellent judge with strong critical thinking skills,0.31857142857142856,0.33571428571428574,0.3457142857142857,0.03193650793650794,1.3739009083619802,0.2647619047619047,0.21106159235917643,70
2,You are a knowledgeable and caring doctor,0.3085714285714286,0.3428571428571429,0.34857142857142853,0.05203174603174603,1.251714378145721,0.3371428571428571,0.3330955997791199,70
3,You are a practical engineer,0.3,0.34285714285714286,0.3571428571428572,0.05850793650793651,1.2128451977388062,0.3609523809523809,0.3719647801860348,70
4,You are a precise lawyer,0.32571428571428584,0.2971428571428572,0.37714285714285706,0.0225079365079365,1.4374019469309416,0.17714285714285713,0.1472577825347367,70
5,You are a clever merchant,0.30571428571428577,0.3342857142857143,0.36,0.05955555555555555,1.2043104355527907,0.35999999999999993,0.3801908870676827,70
6,You are a talented summarizer with excellent synthesis abilities,0.3114285714285715,0.3185714285714286,0.3700000000000001,0.043841269841269834,1.3001480066995825,0.29904761904761895,0.2845081130543599,70
