agent_index,agent_role,avg_choice_A_prob,avg_choice_B_prob,avg_choice_C_prob,avg_variance,avg_entropy,avg_gini,avg_uniform_kl,questions_processed
1,You are an excellent judge with strong critical thinking skills,0.2871428571428572,0.3385714285714286,0.37428571428571433,0.030888888888888896,1.3778733641493037,0.2638095238095237,0.20708913657185307,70
2,You are a knowledgeable and caring doctor,0.2714285714285714,0.3371428571428572,0.3914285714285714,0.06384126984126984,1.1768877738324734,0.378095238095238,0.4074240327877563,70
3,You are a practical engineer,0.262857142857143,0.33999999999999997,0.39714285714285713,0.06536507936507936,1.1706347866078757,0.3819047619047618,0.4138498442665015,70
4,You are a precise lawyer,0.31285714285714294,0.3271428571428572,0.3599999999999999,0.01869841269841269,1.465101090975796,0.16095238095238096,0.1198614097453608,70
5,You are a clever merchant,0.2671428571428572,0.34,0.39285714285714285,0.06403174603174604,1.176614975627201,0.3761904761904761,0.40787192958432955,70
6,You are a talented summarizer with excellent synthesis abilities,0.3042857142857144,0.3185714285714286,0.37714285714285717,0.04926984126984127,1.267062760658516,0.3076190476190475,0.3172490459617135,70
