agent_index,agent_role,avg_choice_A_prob,avg_choice_B_prob,avg_choice_C_prob,avg_variance,avg_entropy,avg_gini,avg_uniform_kl,questions_processed
1,You are an excellent judge with strong critical thinking skills,0.30000000000000004,0.29571428571428576,0.36714285714285705,0.002730158730158732,1.5650816597472028,0.04952380952380957,0.019730592514791506,70
2,You are a knowledgeable and caring doctor,0.3114285714285715,0.30142857142857143,0.35714285714285704,0.007650793650793653,1.5325695858553539,0.07523809523809526,0.05208653389858923,70
3,You are a practical engineer,0.2942857142857144,0.3071428571428572,0.377142857142857,0.008412698412698417,1.5240878610730362,0.07809523809523809,0.06024821549232517,70
4,You are a precise lawyer,0.3,0.3042857142857143,0.3528571428571428,0.008412698412698415,1.5282785058243824,0.06190476190476193,0.05620251533825966,70
5,You are a clever merchant,0.31714285714285717,0.2985714285714286,0.36857142857142844,0.011396825396825398,1.5086772026578192,0.09809523809523811,0.07581690053918379,70
6,You are a talented summarizer with excellent synthesis abilities,0.3028571428571429,0.3042857142857143,0.3785714285714284,0.008952380952380955,1.5242251984570443,0.08571428571428574,0.060259432417333156,70
