agent_index,agent_role,avg_choice_A_prob,avg_choice_B_prob,avg_choice_C_prob,avg_variance,avg_entropy,avg_gini,avg_uniform_kl,questions_processed
1,You are an excellent judge with strong critical thinking skills,0.3114285714285715,0.30142857142857143,0.35857142857142854,0.009301587301587302,1.5176325958793946,0.08095238095238097,0.06670575502312043,70
2,You are a knowledgeable and caring doctor,0.3128571428571429,0.29000000000000004,0.3614285714285713,0.013523809523809525,1.4913699012199655,0.09142857142857141,0.09280473897546254,70
3,You are a practical engineer,0.3128571428571429,0.29000000000000004,0.36428571428571416,0.013777777777777781,1.4911680831658052,0.09047619047619049,0.09300428269246928,70
4,You are a precise lawyer,0.3085714285714286,0.2885714285714286,0.3471428571428571,0.011841269841269843,1.5018308401860487,0.06952380952380953,0.08234507958259518,70
5,You are a clever merchant,0.31142857142857144,0.3071428571428572,0.36857142857142844,0.01612698412698412,1.473646041164225,0.11238095238095239,0.11037246652315198,70
6,You are a talented summarizer with excellent synthesis abilities,0.3085714285714286,0.3085714285714286,0.3685714285714285,0.013523809523809528,1.4909620377211237,0.10476190476190476,0.09321388204752017,70
