agent_index,agent_role,avg_choice_A_prob,avg_choice_B_prob,avg_choice_C_prob,avg_variance,avg_entropy,avg_gini,avg_uniform_kl,questions_processed
1,You are an excellent judge with strong critical thinking skills,0.33142857142857146,0.32999999999999996,0.3385714285714285,0.011365079365079366,1.5102393175626931,0.13714285714285715,0.07472318315846364,70
2,You are a knowledgeable and caring doctor,0.31142857142857155,0.3228571428571429,0.35999999999999993,0.024952380952380945,1.426396518857949,0.19142857142857142,0.15856598186320772,70
3,You are a practical engineer,0.32571428571428573,0.31714285714285717,0.35285714285714276,0.024888888888888884,1.4247268453919562,0.1961904761904762,0.16008710102018478,70
4,You are a precise lawyer,0.31714285714285717,0.33285714285714285,0.34714285714285703,0.023968253968253958,1.4313921522124438,0.18000000000000002,0.1532450014582495,70
5,You are a clever merchant,0.3171428571428572,0.3185714285714286,0.3599999999999999,0.030793650793650793,1.3930313467110833,0.21333333333333335,0.19193115401007346,70
6,You are a talented summarizer with excellent synthesis abilities,0.2542857142857143,0.3157142857142857,0.42428571428571427,0.051238095238095235,1.2604249416012956,0.2866666666666666,0.32388686501893404,70
