agent_index,agent_role,avg_choice_A_prob,avg_choice_B_prob,avg_choice_C_prob,avg_variance,avg_entropy,avg_gini,avg_uniform_kl,questions_processed
1,You are an excellent judge with strong critical thinking skills,0.3485714285714285,0.33142857142857135,0.3071428571428571,0.0046984126984127,1.5536070148213887,0.08380952380952382,0.03135548589976789,70
2,You are a knowledgeable and caring doctor,0.35571428571428565,0.32142857142857134,0.31285714285714283,0.010000000000000002,1.5193240137862305,0.12518518518518518,0.06563848693492617,70
3,You are a practical engineer,0.3585714285714286,0.32999999999999996,0.3028571428571428,0.011365079365079366,1.509751136125514,0.13767195767195767,0.07521136459564269,70
4,You are a precise lawyer,0.3485714285714285,0.32714285714285707,0.32,0.008222222222222223,1.5311399569265884,0.1180952380952381,0.05382254379456792,70
5,You are a clever merchant,0.35428571428571426,0.32428571428571423,0.31714285714285706,0.013555555555555555,1.4980594602907036,0.15470899470899468,0.08690304043045322,70
6,You are a talented summarizer with excellent synthesis abilities,0.35285714285714287,0.3185714285714285,0.3257142857142856,0.01749206349206349,1.4729730449775766,0.1754497354497354,0.11198945574358023,70
