agent_index,agent_role,avg_choice_A_prob,avg_choice_B_prob,avg_choice_C_prob,avg_variance,avg_entropy,avg_gini,avg_uniform_kl,questions_processed
1,You are an excellent judge with strong critical thinking skills,0.34857142857142853,0.3000000000000001,0.3085714285714286,0.006126984126984128,1.5404822107977045,0.06761904761904763,0.0441787982411895,70
2,You are a knowledgeable and caring doctor,0.34714285714285714,0.2971428571428572,0.3185714285714285,0.008444444444444445,1.5290200410670867,0.08888888888888888,0.055942459654069916,70
3,You are a practical engineer,0.35571428571428576,0.29142857142857154,0.3185714285714285,0.009650793650793653,1.5153255895299893,0.09746031746031746,0.06933583408583588,70
4,You are a precise lawyer,0.3357142857142857,0.2971428571428572,0.3271428571428571,0.008380952380952383,1.5297787194849866,0.08095238095238096,0.0550276487281189,70
5,You are a clever merchant,0.36,0.29857142857142865,0.32999999999999985,0.012825396825396827,1.500929956834155,0.12793650793650793,0.0840325438870018,70
6,You are a talented summarizer with excellent synthesis abilities,0.36,0.2971428571428572,0.33857142857142847,0.012984126984126987,1.4984396161265572,0.13333333333333333,0.08637263613543711,70
