agent_index,agent_role,avg_choice_A_prob,avg_choice_B_prob,avg_choice_C_prob,avg_variance,avg_entropy,avg_gini,avg_uniform_kl,questions_processed
1,You are an excellent judge with strong critical thinking skills,0.33714285714285713,0.33428571428571424,0.29571428571428576,0.002730158730158731,1.5666298951926905,0.05714285714285717,0.018332605528466175,70
2,You are a knowledgeable and caring doctor,0.3371428571428572,0.3385714285714286,0.3142857142857142,0.005428571428571429,1.5494097769593584,0.09164021164021166,0.03555272376179816,70
3,You are a practical engineer,0.33714285714285713,0.33428571428571424,0.31999999999999995,0.005365079365079367,1.5497303611221234,0.09164021164021166,0.03523213959903329,70
4,You are a precise lawyer,0.3271428571428572,0.3285714285714285,0.3271428571428571,0.0045079365079365085,1.5560042044877451,0.08000000000000002,0.02895829623341184,70
5,You are a clever merchant,0.33714285714285713,0.33428571428571424,0.3228571428571428,0.007904761904761906,1.5338321839423756,0.11142857142857143,0.051130316778781104,70
6,You are a talented summarizer with excellent synthesis abilities,0.33285714285714285,0.33571428571428574,0.3257142857142857,0.012476190476190476,1.5048197984735943,0.1423280423280423,0.08014270224756263,70
