agent_index,agent_role,avg_choice_A_prob,avg_choice_B_prob,avg_choice_C_prob,avg_variance,avg_entropy,avg_gini,avg_uniform_kl,questions_processed
1,You are an excellent judge with strong critical thinking skills,0.32,0.30000000000000004,0.31428571428571433,0.0032380952380952383,1.56244490160059,0.04190476190476192,0.022517599120566695,70
2,You are a knowledgeable and caring doctor,0.33042857142857146,0.2961428571428572,0.3162857142857142,0.0061590476190476195,1.5444848943733176,0.06200000000000001,0.04047760634783926,70
3,You are a practical engineer,0.3342857142857143,0.2942857142857144,0.32,0.007365079365079365,1.5373339460271747,0.07142857142857144,0.04762855469398202,70
4,You are a precise lawyer,0.32428571428571434,0.3042857142857143,0.3142857142857143,0.0032380952380952383,1.563022613203229,0.04666666666666668,0.021939887517927706,70
5,You are a clever merchant,0.34,0.2957142857142857,0.34571428571428575,0.009523809523809525,1.5225823153285285,0.10380952380952384,0.062380185392628185,70
6,You are a talented summarizer with excellent synthesis abilities,0.3371428571428572,0.30142857142857143,0.3499999999999999,0.009873015873015874,1.5212961349663225,0.1104761904761905,0.06366636575483406,70
