agent_index,agent_role,avg_choice_A_prob,avg_choice_B_prob,avg_choice_C_prob,avg_variance,avg_entropy,avg_gini,avg_uniform_kl,questions_processed
1,You are an excellent judge with strong critical thinking skills,0.3342857142857143,0.32714285714285707,0.3385714285714285,0.013746031746031749,1.4870682378757292,0.1295238095238095,0.0972932690087776,70
2,You are a knowledgeable and caring doctor,0.3542857142857143,0.3242857142857143,0.3214285714285714,0.020412698412698414,1.4437041322502802,0.15333333333333335,0.1403049031144711,70
3,You are a practical engineer,0.36,0.32428571428571423,0.31571428571428567,0.02079365079365079,1.4363176652605947,0.1561904761904762,0.14739157257204075,70
4,You are a precise lawyer,0.3585714285714286,0.3257142857142857,0.31571428571428567,0.01955555555555555,1.446657954434465,0.14952380952380953,0.13737740380112934,70
5,You are a clever merchant,0.36000000000000004,0.33428571428571424,0.30571428571428566,0.02584126984126984,1.4013087546510563,0.1819047619047619,0.18209415801573123,70
6,You are a talented summarizer with excellent synthesis abilities,0.3714285714285714,0.3328571428571428,0.2957142857142857,0.024222222222222218,1.414197746038646,0.18,0.16966401459030528,70
