agent_index,agent_role,avg_choice_A_prob,avg_choice_B_prob,avg_choice_C_prob,avg_variance,avg_entropy,avg_gini,avg_uniform_kl,questions_processed
1,You are an excellent judge with strong critical thinking skills,0.31714285714285717,0.32428571428571423,0.35857142857142854,0.009650793650793655,1.5208228547170515,0.09714285714285717,0.06381429895364173,70
2,You are a knowledgeable and caring doctor,0.3285714285714286,0.3257142857142856,0.3457142857142857,0.015936507936507933,1.4697175393631452,0.12761904761904766,0.1141389174039238,70
3,You are a practical engineer,0.3242857142857143,0.3257142857142856,0.35,0.010793650793650798,1.5140540571340844,0.12095238095238098,0.0709084435870722,70
4,You are a precise lawyer,0.33,0.3257142857142857,0.34428571428571425,0.015555555555555552,1.4762976863585546,0.12380952380952383,0.10770546495730789,70
5,You are a clever merchant,0.33571428571428574,0.33714285714285713,0.32714285714285707,0.0166031746031746,1.4699261688527432,0.14,0.11423666888153987,70
6,You are a talented summarizer with excellent synthesis abilities,0.33857142857142863,0.3314285714285714,0.32999999999999996,0.017079365079365076,1.4679486787607035,0.14095238095238097,0.11621060506321028,70
