agent_index,agent_role,avg_choice_A_prob,avg_choice_B_prob,avg_choice_C_prob,avg_variance,avg_entropy,avg_gini,avg_uniform_kl,questions_processed
1,You are an excellent judge with strong critical thinking skills,0.3071428571428572,0.3071428571428572,0.37857142857142845,0.002730158730158733,1.5678732263704562,0.0666666666666667,0.017089274350700488,70
2,You are a knowledgeable and caring doctor,0.3071428571428572,0.31714285714285717,0.33999999999999997,0.0041904761904761915,1.55876208397293,0.059047619047619064,0.02620041674822678,70
3,You are a practical engineer,0.3128571428571429,0.32,0.33714285714285713,0.003555555555555557,1.5624317387530209,0.06190476190476193,0.022530761968135846,70
4,You are a precise lawyer,0.32428571428571434,0.30571428571428577,0.32999999999999996,0.003904761904761906,1.5603812278446323,0.05714285714285717,0.024581272876524396,70
5,You are a clever merchant,0.32000000000000006,0.3171428571428571,0.34285714285714275,0.004444444444444446,1.5567727624244492,0.07333333333333335,0.02818973829670762,70
6,You are a talented summarizer with excellent synthesis abilities,0.3028571428571428,0.30857142857142855,0.3742857142857142,0.008190476190476192,1.5314977545804462,0.10888888888888892,0.05346474614071052,70
