agent_index,agent_role,avg_choice_A_prob,avg_choice_B_prob,avg_choice_C_prob,avg_variance,avg_entropy,avg_gini,avg_uniform_kl,questions_processed
1,You are an excellent judge with strong critical thinking skills,0.30142857142857143,0.30000000000000004,0.377142857142857,0.0019365079365079388,1.5727320701228114,0.05428571428571434,0.012230430598345152,70
2,You are a knowledgeable and caring doctor,0.31000000000000005,0.30000000000000004,0.3442857142857142,0.0030158730158730165,1.5656411968460902,0.04984126984126988,0.019321303875066607,70
3,You are a practical engineer,0.3085714285714286,0.3071428571428572,0.3399999999999999,0.0022857142857142868,1.569864352317225,0.04603174603174607,0.015098148403931418,70
4,You are a precise lawyer,0.31614285714285717,0.29900000000000004,0.3348571428571428,0.001936825396825398,1.5728553692459653,0.039142857142857174,0.012107131475191239,70
5,You are a clever merchant,0.31142857142857144,0.30142857142857143,0.3571428571428571,0.003746031746031747,1.5611996165835413,0.0650793650793651,0.02376288413761518,70
6,You are a talented summarizer with excellent synthesis abilities,0.3,0.29000000000000004,0.38285714285714284,0.008666666666666665,1.5278711963154528,0.11174603174603179,0.05709130440570429,70
